;TAZID,CO_TAZID,TOTHH,TOTEMP,DevAcres,HHDen_50,EMPDen_50
141,570141,437,2180,11710.24,0.04,0.19
142,570142,203,136,6238.95,0.03,0.02
143,570143,128,1,2026.24,0.06,0.00
144,570144,65,0,385.75,0.17,0.00
145,570145,497,0,700.88,0.71,0.00
146,570146,295,2,376.72,0.78,0.01
147,570147,454,47,577.34,0.79,0.08
148,570148,490,220,445.20,1.10,0.49
149,570149,615,55,602.05,1.02,0.09
150,570150,596,531,675.27,0.88,0.79
151,570151,345,184,612.06,0.56,0.30
152,570152,740,82,682.56,1.08,0.12
153,570153,47,6,963.34,0.05,0.01
154,570154,305,4,786.24,0.39,0.00
155,570155,230,14,2199.28,0.10,0.01
156,570156,152,12,782.02,0.19,0.02
157,570157,92,6,976.24,0.09,0.01
158,570158,483,68,760.90,0.63,0.09
159,570159,874,227,1063.05,0.82,0.21
160,570160,243,27,249.96,0.97,0.11
161,570161,510,3,474.31,1.07,0.01
162,570162,811,908,709.60,1.14,1.28
163,570163,30,46,100.23,0.30,0.46
164,570164,110,2,297.88,0.37,0.01
165,570165,47,169,258.82,0.18,0.65
166,570166,248,4,1020.43,0.24,0.00
167,570167,151,3,735.76,0.21,0.00
168,570168,279,46,863.48,0.32,0.05
169,570169,355,75,1097.10,0.32,0.07
170,570170,61,2,230.24,0.26,0.01
171,570171,277,1,893.54,0.31,0.00
172,570172,166,0,400.74,0.41,0.00
173,570173,487,827,1256.06,0.39,0.66
174,570174,76,0,331.12,0.23,0.00
175,570175,110,0,391.26,0.28,0.00
176,570176,936,38,817.86,1.14,0.05
177,570177,286,1221,562.47,0.51,2.17
178,570178,785,868,681.95,1.15,1.27
179,570179,631,341,406.61,1.55,0.84
180,570180,29,0,171.69,0.17,0.00
181,570181,140,9,215.84,0.65,0.04
182,570182,384,5,355.77,1.08,0.01
183,570183,1027,374,716.25,1.43,0.52
184,570184,1146,8,570.11,2.01,0.01
185,570185,534,275,387.38,1.38,0.71
186,570186,599,836,294.30,2.03,2.84
187,570187,899,159,730.56,1.23,0.22
188,570188,217,2,411.97,0.53,0.00
189,570189,401,101,191.29,2.09,0.53
190,570190,482,2,163.82,2.94,0.01
191,570191,708,158,253.08,2.80,0.63
192,570192,674,18,368.83,1.83,0.05
193,570193,233,2105,563.81,0.41,3.73
194,570194,173,2051,426.43,0.41,4.81
195,570195,721,605,302.99,2.38,2.00
196,570196,1893,1026,584.07,3.24,1.76
197,570197,362,337,214.80,1.68,1.57
198,570198,1220,270,502.08,2.43,0.54
199,570199,514,541,276.52,1.86,1.96
200,570200,694,1840,548.96,1.26,3.35
201,570201,853,1176,229.42,3.72,5.12
202,570202,203,0,135.71,1.49,0.00
203,570203,436,21,403.77,1.08,0.05
204,570204,654,345,171.01,3.82,2.02
205,570205,418,11,165.75,2.52,0.06
206,570206,67,1,72.00,0.93,0.01
207,570207,1296,300,272.88,4.75,1.10
208,570208,1014,118,371.30,2.73,0.32
209,570209,1601,135,249.46,6.42,0.54
210,570210,643,2,147.91,4.35,0.01
211,570211,282,106,466.09,0.60,0.23
212,570212,53,660,358.01,0.15,1.84
213,570213,399,174,606.42,0.66,0.29
214,570214,340,892,494.79,0.69,1.80
215,570215,0,5567,692.17,0.00,8.04
216,570216,166,8345,532.10,0.31,15.68
217,570217,1429,163,399.53,3.58,0.41
218,570218,705,670,198.59,3.55,3.38
219,570219,1229,1262,295.68,4.16,4.27
220,570220,1046,1696,269.52,3.88,6.29
221,570221,1002,475,234.42,4.27,2.03
222,570222,837,182,235.66,3.55,0.77
223,570223,141,2,64.48,2.18,0.03
224,570224,580,32,140.65,4.13,0.23
225,570225,607,18,155.77,3.89,0.11
226,570226,384,56,79.33,4.84,0.70
227,570227,715,1193,172.81,4.14,6.91
228,570228,451,340,131.43,3.43,2.59
229,570229,565,640,155.96,3.62,4.11
230,570230,550,9,111.00,4.95,0.08
231,570231,778,8,238.29,3.27,0.03
232,570232,184,6,854.48,0.22,0.01
233,570233,119,13,296.05,0.40,0.04
234,570234,168,13,453.56,0.37,0.03
235,570235,114,1,426.16,0.27,0.00
236,570236,136,3,320.92,0.42,0.01
237,570237,86,2,305.50,0.28,0.01
238,570238,293,5,349.82,0.84,0.01
239,570239,113,1,707.49,0.16,0.00
240,570240,109,1,322.25,0.34,0.00
241,570241,147,24,322.85,0.45,0.07
242,570242,189,4,290.47,0.65,0.01
243,570243,400,144,518.55,0.77,0.28
244,570244,697,1609,260.85,2.67,6.17
245,570245,168,535,320.04,0.53,1.67
246,570246,297,497,317.96,0.93,1.56
247,570247,648,1959,298.00,2.18,6.57
248,570248,97,435,320.95,0.30,1.36
249,570249,125,972,492.13,0.25,1.98
250,570250,87,2,323.35,0.27,0.01
251,570251,141,7,318.02,0.44,0.02
252,570252,156,1,329.22,0.47,0.00
253,570253,68,2,316.92,0.22,0.01
254,570254,255,6,320.86,0.80,0.02
255,570255,190,83,321.15,0.59,0.26
256,570256,249,119,328.84,0.76,0.36
257,570257,367,19,574.45,0.64,0.03
258,570258,383,51,392.34,0.97,0.13
259,570259,141,68,320.50,0.44,0.21
260,570260,194,3372,394.50,0.49,8.55
261,570261,30,1471,432.44,0.07,3.40
262,570262,11,715,110.07,0.10,6.50
263,570263,33,622,191.57,0.17,3.25
264,570264,7,4446,988.53,0.01,4.50
265,570265,624,1,1074.54,0.58,0.00
266,570266,357,2,961.87,0.37,0.00
267,570267,763,2,878.83,0.87,0.00
268,570268,890,85,876.36,1.02,0.10
269,570269,871,0,1020.03,0.85,0.00
270,570270,861,42,854.02,1.01,0.05
271,570271,842,160,859.54,0.98,0.19
272,570272,519,26,437.70,1.19,0.06
273,570273,229,209,318.87,0.72,0.65
274,570274,510,7,439.03,1.16,0.02
275,570275,632,100,506.99,1.25,0.20
276,570276,1201,355,644.75,1.86,0.55
277,570277,496,245,309.10,1.61,0.79
278,570278,946,752,258.41,3.66,2.91
279,570279,1458,211,368.16,3.96,0.57
280,570280,1616,906,471.02,3.43,1.92
281,570281,895,125,177.01,5.05,0.70
282,570282,635,1522,266.52,2.38,5.71
283,570283,415,98,117.64,3.52,0.84
284,570284,503,464,187.50,2.68,2.47
285,570285,822,164,148.87,5.52,1.10
286,570286,1308,58,379.91,3.44,0.15
287,570287,530,512,179.56,2.95,2.85
288,570288,1043,208,322.27,3.23,0.65
289,570289,773,0,253.68,3.05,0.00
290,570290,645,416,230.62,2.80,1.80
291,570291,502,207,170.67,2.94,1.21
292,570292,520,542,207.97,2.50,2.61
293,570293,624,0,148.90,4.19,0.00
294,570294,551,438,147.93,3.73,2.96
295,570295,607,521,98.57,6.16,5.29
296,570296,843,170,198.69,4.24,0.85
297,570297,670,2249,160.32,4.18,14.03
298,570298,660,447,233.47,2.82,1.92
299,570299,681,9,176.88,3.85,0.05
300,570300,608,1,131.48,4.62,0.01
301,570301,432,213,122.33,3.53,1.74
302,570302,658,1025,187.70,3.50,5.46
303,570303,596,2377,624.92,0.95,3.80
304,570304,424,1963,179.59,2.36,10.93
305,570305,544,843,121.92,4.46,6.91
306,570306,505,3043,307.27,1.64,9.90
307,570307,611,1747,167.99,3.63,10.40
308,570308,532,337,112.00,4.75,3.01
309,570309,499,313,111.92,4.46,2.79
310,570310,400,89,91.56,4.37,0.98
311,570311,615,262,117.74,5.22,2.22
312,570312,1135,706,209.11,5.43,3.38
313,570313,78,180,115.38,0.68,1.56
314,570314,194,618,92.39,2.10,6.69
315,570315,996,2815,364.75,2.73,7.72
316,570316,552,975,113.38,4.87,8.60
317,570317,822,1806,283.73,2.90,6.36
318,570318,244,441,64.56,3.78,6.83
319,570319,458,559,55.38,8.26,10.09
320,570320,287,538,48.12,5.96,11.19
321,570321,127,394,25.41,5.00,15.50
322,570322,211,1245,27.36,7.71,45.50
323,570323,64,171,27.14,2.36,6.31
324,570324,203,263,27.38,7.40,9.61
325,570325,87,487,26.62,3.27,18.28
326,570326,72,853,27.31,2.62,31.22
327,570327,135,1096,27.12,4.97,40.42
328,570328,110,562,27.16,4.03,20.70
329,570329,303,1204,37.66,8.05,31.96
330,570330,142,1064,26.80,5.28,39.70
331,570331,21,2403,27.15,0.77,88.52
332,570332,384,1482,27.38,14.03,54.11
333,570333,182,294,34.14,5.33,8.61
334,570334,53,668,27.10,1.95,24.65
335,570335,122,953,26.81,4.54,35.53
336,570336,234,488,27.58,8.49,17.70
337,570337,448,361,128.76,3.48,2.81
338,570338,379,67,80.04,4.73,0.83
339,570339,1124,159,80.26,14.00,1.98
340,570340,572,469,80.50,7.10,5.83
341,570341,202,442,120.48,1.68,3.66
342,570342,633,191,106.28,5.96,1.80
343,570343,953,18,106.69,8.93,0.17
344,570344,542,286,106.92,5.07,2.67
345,570345,3,292,126.78,0.03,2.30
346,570346,1069,529,228.86,4.67,2.31
347,570347,333,0,97.71,3.40,0.00
348,570348,462,96,106.16,4.36,0.90
349,570349,201,5,95.28,2.10,0.05
350,570350,287,1590,82.33,3.48,19.31
351,570351,502,851,80.10,6.26,10.62
352,570352,157,848,40.44,3.87,20.96
353,570353,193,341,40.60,4.76,8.39
354,570354,882,337,80.56,10.95,4.18
355,570355,688,74,106.91,6.44,0.69
356,570356,504,29,79.85,6.31,0.36
357,570357,510,102,106.16,4.80,0.96
358,570358,461,345,79.70,5.78,4.33
359,570359,460,200,106.44,4.32,1.88
360,570360,252,100,108.60,2.32,0.92
361,570361,660,268,187.12,3.53,1.43
362,570362,320,0,123.49,2.59,0.00
363,570363,565,1543,171.10,3.30,9.02
364,570364,960,6381,319.19,3.01,19.99
365,570365,324,613,61.56,5.26,9.95
366,570366,306,264,63.58,4.81,4.16
367,570367,359,745,71.15,5.05,10.46
368,570368,362,1084,71.06,5.09,15.26
369,570369,265,682,70.81,3.74,9.62
370,570370,457,3,94.64,4.83,0.03
371,570371,534,47,152.22,3.51,0.31
372,570372,283,125,59.19,4.78,2.11
373,570373,1086,535,165.72,6.55,3.23
374,570374,630,136,92.66,6.80,1.47
375,570375,162,23,222.65,0.73,0.10
376,570376,502,457,191.63,2.62,2.38
377,570377,654,2661,131.85,4.96,20.18
378,570378,423,81,70.37,6.02,1.15
379,570379,267,330,59.28,4.51,5.56
380,570380,584,27,92.26,6.33,0.29
381,570381,304,147,57.00,5.32,2.58
382,570382,745,6506,157.24,4.74,41.38
383,570383,365,2842,310.64,1.17,9.15
384,570384,235,342,113.85,2.06,3.01
385,570385,447,16,232.19,1.93,0.07
386,570386,1316,124,316.67,4.15,0.39
387,570387,783,180,205.48,3.81,0.88
388,570388,752,2034,188.30,3.99,10.80
389,570389,512,652,98.38,5.21,6.63
390,570390,216,105,49.78,4.33,2.12
391,570391,1,192,85.00,0.01,2.26
392,570392,473,94,104.44,4.53,0.90
393,570393,627,111,147.93,4.24,0.75
394,570394,812,359,232.96,3.48,1.54
395,570395,663,354,201.84,3.28,1.75
396,570396,651,114,160.16,4.06,0.71
397,570397,309,1751,117.47,2.63,14.91
398,570398,211,369,73.71,2.86,5.00
399,570399,1,66,205.14,0.00,0.32
400,570400,553,3260,161.70,3.42,20.16
401,570401,1081,891,689.50,1.57,1.29
402,570402,0,0,212.78,0.00,0.00
403,570403,1466,2394,250.34,5.86,9.56
404,570404,438,809,298.30,1.47,2.71
405,570405,899,226,154.39,5.82,1.47
406,570406,493,24,147.77,3.34,0.16
407,570407,485,158,133.25,3.64,1.18
408,570408,272,669,106.84,2.55,6.26
409,570409,589,198,398.44,1.48,0.50
410,570410,15,2311,79.88,0.19,28.93
411,570411,431,1311,148.49,2.90,8.83
412,570412,1226,963,635.49,1.93,1.52
413,570413,1107,2515,292.86,3.78,8.59
414,570414,680,421,725.50,0.94,0.58
415,570415,1088,861,394.93,2.75,2.18
416,570416,299,1859,130.92,2.28,14.20
417,570417,1992,1077,935.12,2.13,1.15
418,570418,1761,902,297.00,5.93,3.04
419,570419,503,140,330.72,1.52,0.42
420,570420,358,154,399.18,0.90,0.39
424,110424,71,6,1590.85,0.04,0.00
425,110425,261,0,672.64,0.39,0.00
426,110426,1658,670,1085.18,1.53,0.62
427,110427,1717,154,1140.09,1.51,0.13
428,110428,542,271,579.81,0.93,0.47
429,110429,789,42,580.47,1.36,0.07
430,110430,1065,171,643.86,1.65,0.27
431,110431,675,2,321.62,2.10,0.01
432,110432,549,64,321.33,1.71,0.20
433,110433,363,12,206.34,1.76,0.06
434,110434,884,466,322.96,2.74,1.44
435,110435,982,302,322.58,3.05,0.94
436,110436,655,134,323.35,2.03,0.41
437,110437,302,32,114.81,2.63,0.27
438,110438,313,3,112.78,2.78,0.03
439,110439,166,1275,161.54,1.03,7.89
440,110440,390,153,155.17,2.51,0.98
441,110441,411,62,160.79,2.56,0.39
442,110442,248,1565,160.73,1.55,9.74
443,110443,273,198,160.83,1.70,1.23
444,110444,413,1,160.58,2.57,0.01
445,110445,531,61,164.52,3.23,0.37
446,110446,628,612,168.13,3.74,3.64
447,110447,336,8,112.52,2.99,0.07
448,110448,522,1088,131.34,3.97,8.28
449,110449,798,322,168.79,4.73,1.91
450,110450,629,6,167.99,3.75,0.03
451,110451,531,17,163.80,3.24,0.10
452,110452,607,347,165.98,3.66,2.09
453,110453,640,512,163.13,3.92,3.14
454,110454,509,361,187.13,2.72,1.93
455,110455,706,297,132.16,5.34,2.25
456,110456,383,59,151.25,2.53,0.39
457,110457,724,238,322.31,2.24,0.74
458,110458,859,473,321.50,2.67,1.47
459,110459,1888,1530,580.75,3.25,2.63
460,110460,2403,4755,322.29,7.45,14.75
461,110461,1028,3552,316.91,3.24,11.21
462,110462,1446,1463,610.77,2.37,2.40
463,110463,483,353,161.31,2.99,2.19
464,110464,676,394,160.51,4.21,2.46
465,110465,1284,303,317.60,4.04,0.95
466,110466,655,1486,323.25,2.03,4.60
467,110467,2152,1105,642.74,3.35,1.72
468,110468,164,13464,1356.25,0.12,9.93
469,110469,799,444,189.22,4.22,2.34
470,110470,308,1084,78.15,3.94,13.87
471,110471,1198,3251,267.20,4.48,12.17
472,110472,1782,2195,226.04,7.89,9.71
473,110473,828,2157,260.91,3.17,8.27
474,110474,0,884,161.02,0.00,5.49
475,110475,0,6111,314.45,0.00,19.43
476,110476,0,76,136.27,0.00,0.56
477,110477,0,90,294.37,0.00,0.31
478,110478,0,1,3818.87,0.00,0.00
479,110479,245,202,395.89,0.62,0.51
480,110480,0,21282,1178.00,0.00,18.07
481,110481,1458,410,1339.22,1.09,0.31
482,110482,696,58,520.87,1.34,0.11
483,110483,552,1290,612.99,0.90,2.10
484,110484,523,2994,754.27,0.69,3.97
485,110485,25,1161,226.08,0.11,5.14
486,110486,0,156,112.18,0.00,1.39
487,110487,818,372,419.42,1.95,0.89
488,110488,993,244,465.26,2.13,0.52
489,110489,81,322,252.90,0.32,1.27
490,110490,1782,1286,1478.97,1.20,0.87
491,110491,1932,39,1941.49,1.00,0.02
492,110492,958,555,292.23,3.28,1.90
493,110493,1199,667,318.66,3.76,2.09
494,110494,921,175,323.39,2.85,0.54
495,110495,622,237,246.81,2.52,0.96
496,110496,925,700,329.14,2.81,2.13
497,110497,1111,1563,291.47,3.81,5.36
498,110498,885,157,309.58,2.86,0.51
499,110499,1443,571,506.89,2.85,1.13
500,110500,681,78,303.24,2.24,0.26
501,110501,495,568,314.93,1.57,1.80
502,110502,880,178,319.92,2.75,0.56
503,110503,924,963,326.36,2.83,2.95
504,110504,2681,1466,348.46,7.69,4.21
505,110505,2911,4654,373.69,7.79,12.45
506,110506,10,287,1757.30,0.01,0.16
507,110507,1221,10,607.67,2.01,0.02
508,110508,475,333,464.87,1.02,0.72
509,110509,880,19,483.20,1.82,0.04
510,110510,576,782,377.32,1.53,2.07
511,110511,744,7,255.85,2.91,0.03
512,110512,979,4609,402.33,2.43,11.46
513,110513,3685,5045,345.15,10.68,14.62
514,110514,834,311,238.48,3.50,1.31
515,110515,2063,1416,286.45,7.20,4.94
516,110516,1247,437,1139.33,1.09,0.38
517,110517,723,86,390.87,1.85,0.22
518,110518,101,1722,271.24,0.37,6.35
519,110519,588,24,428.92,1.37,0.06
520,110520,440,782,421.61,1.04,1.85
521,110521,360,18,486.07,0.74,0.04
522,110522,583,283,489.40,1.19,0.58
523,110523,830,275,657.55,1.26,0.42
524,110524,1351,1616,119.99,11.26,13.47
525,110525,2263,1233,308.42,7.34,4.00
526,110526,2556,5618,344.24,7.43,16.32
527,110527,3612,10321,347.40,10.40,29.71
528,110528,2170,841,451.03,4.81,1.86
529,110529,814,1055,580.35,1.40,1.82
530,110530,2255,1066,479.74,4.70,2.22
531,110531,436,119,191.55,2.27,0.62
532,110532,953,91,374.29,2.55,0.24
533,110533,1153,35,465.56,2.48,0.08
534,110534,1205,151,552.62,2.18,0.27
535,110535,1969,987,680.78,2.89,1.45
536,110536,482,18,371.22,1.30,0.05
537,110537,577,18,361.24,1.60,0.05
538,110538,932,403,216.06,4.31,1.86
539,110539,949,1581,207.09,4.58,7.63
540,110540,439,1132,73.49,5.97,15.40
541,110541,1759,725,286.55,6.14,2.53
542,110542,2104,698,836.78,2.51,0.83
543,110543,1872,565,434.59,4.31,1.30
544,110544,1891,452,860.32,2.20,0.53
545,110545,984,2695,424.82,2.32,6.34
546,110546,2214,86,665.68,3.33,0.13
547,110547,900,4,385.06,2.34,0.01
548,110548,841,468,237.48,3.54,1.97
549,110549,823,739,256.83,3.20,2.88
550,110550,643,183,270.15,2.38,0.68
551,110551,501,1735,302.45,1.66,5.74
552,110552,668,465,380.93,1.75,1.22
553,110553,1432,175,849.31,1.69,0.21
554,110554,919,171,456.63,2.01,0.37
555,110555,1234,192,438.75,2.81,0.44
556,110556,605,580,359.85,1.68,1.61
557,110557,944,96,277.07,3.41,0.35
558,110558,888,521,361.52,2.46,1.44
559,110559,560,101,353.40,1.58,0.29
560,110560,105,1071,179.99,0.58,5.95
561,110561,373,24,248.18,1.50,0.10
562,110562,17,4583,196.52,0.09,23.32
563,110563,1437,1170,953.34,1.51,1.23
564,110564,3171,5336,453.01,7.00,11.78
565,110565,227,4024,179.19,1.27,22.45
566,110566,574,60,657.32,0.87,0.09
567,110567,528,97,509.06,1.04,0.19
568,110568,454,1487,498.03,0.91,2.99
569,110569,3,0,385.02,0.01,0.00
570,110570,433,2749,218.28,1.98,12.59
571,110571,273,1610,199.39,1.37,8.07
572,110572,277,275,119.68,2.32,2.30
573,110573,457,4,198.33,2.31,0.02
574,110574,441,2,187.63,2.35,0.01
575,110575,21,9,361.88,0.06,0.03
576,110576,21,3635,306.39,0.07,11.86
577,110577,191,3509,539.54,0.35,6.50
578,110578,758,3,344.04,2.20,0.01
579,110579,577,130,216.48,2.66,0.60
580,110580,653,9,209.41,3.12,0.04
581,110581,454,22,205.56,2.21,0.11
582,110582,452,84,186.50,2.42,0.45
583,110583,608,122,210.19,2.89,0.58
584,110584,234,10,279.40,0.84,0.03
585,110585,449,1686,154.97,2.90,10.88
586,110586,0,772,122.50,0.00,6.30
587,110587,30,11,284.75,0.10,0.04
588,110588,764,30,405.14,1.89,0.07
589,110589,257,1134,109.72,2.34,10.34
590,110590,597,898,115.93,5.15,7.74
591,110591,318,2,109.07,2.91,0.02
592,110592,470,2389,123.04,3.82,19.41
593,110593,752,1426,128.33,5.86,11.11
594,110594,401,312,129.38,3.10,2.41
595,110595,300,228,95.96,3.13,2.37
596,110596,390,45,98.37,3.96,0.46
597,110597,299,235,98.68,3.02,2.38
598,110598,992,184,419.58,2.36,0.44
599,110599,17,279,440.16,0.04,0.63
600,110600,120,1244,404.95,0.30,3.07
601,110601,468,36,283.58,1.65,0.13
602,110602,602,169,246.54,2.44,0.69
603,110603,80,3732,517.64,0.15,7.21
604,110604,256,881,350.36,0.73,2.52
605,110605,993,769,236.03,4.21,3.26
606,110606,797,1327,196.03,4.07,6.77
607,110607,885,442,196.40,4.51,2.25
608,110608,0,2724,91.44,0.00,29.79
609,110609,972,821,148.62,6.54,5.52
610,110610,741,1674,107.45,6.90,15.58
611,110611,812,2092,181.07,4.48,11.55
612,110612,853,3,268.03,3.18,0.01
613,110613,608,1,265.52,2.29,0.00
614,110614,402,6554,175.12,2.29,37.42
615,110615,638,124,260.54,2.45,0.48
616,110616,671,42,353.21,1.90,0.12
617,110617,0,3,1530.66,0.00,0.00
618,110618,1515,1475,629.64,2.41,2.34
619,110619,425,1585,396.48,1.07,4.00
620,110620,1,1598,170.39,0.01,9.38
621,110621,864,739,375.56,2.30,1.97
622,110622,449,435,213.29,2.11,2.04
623,110623,332,698,117.44,2.83,5.94
624,110624,371,1068,293.92,1.26,3.63
625,110625,323,147,117.62,2.75,1.25
626,110626,759,3887,257.35,2.95,15.10
627,110627,1232,2564,278.78,4.42,9.20
628,110628,674,498,134.17,5.03,3.71
629,110629,632,178,156.62,4.03,1.13
630,110630,972,365,310.46,3.13,1.17
631,110631,763,152,332.91,2.29,0.46
632,110632,1128,1493,293.88,3.84,5.08
633,110633,574,199,168.61,3.41,1.18
634,110634,785,1334,127.57,6.16,10.46
635,110635,622,78,210.84,2.95,0.37
636,110636,978,0,295.36,3.31,0.00
637,110637,784,135,387.02,2.02,0.35
638,110638,468,85,285.39,1.64,0.30
639,110639,596,11,371.37,1.60,0.03
640,110640,0,4,314.72,0.00,0.01
641,110641,1889,4929,471.57,4.01,10.45
642,110642,313,1094,258.34,1.21,4.24
643,110643,0,6010,413.14,0.00,14.55
644,110644,138,3223,496.90,0.28,6.49
645,110645,0,1651,334.85,0.00,4.93
646,110646,0,197,640.90,0.00,0.31
647,110647,1422,1444,280.02,5.08,5.16
648,110648,476,307,141.22,3.37,2.17
649,110649,738,388,109.43,6.75,3.55
650,110650,1698,335,631.99,2.69,0.53
651,110651,524,45,183.68,2.85,0.24
652,110652,1888,488,369.88,5.10,1.32
653,110653,2090,797,583.88,3.58,1.36
654,110654,862,43,915.13,0.94,0.05
655,350655,0,0,486.05,0.00,0.00
656,350656,0,0,701.91,0.00,0.00
657,350657,0,0,531.28,0.00,0.00
658,350658,0,0,452.74,0.00,0.00
659,350659,0,3422,1009.08,0.00,3.39
660,350660,0,1433,302.86,0.00,4.73
661,350661,0,87,903.16,0.00,0.10
662,350662,0,3601,933.04,0.00,3.86
663,350663,0,1744,523.77,0.00,3.33
664,350664,0,5,403.70,0.00,0.01
665,350665,0,2534,523.19,0.00,4.84
666,350666,0,1878,394.25,0.00,4.76
667,350667,0,2056,554.59,0.00,3.71
668,350668,0,9155,820.56,0.00,11.16
669,350669,0,16964,833.67,0.00,20.35
670,350670,0,0,1052.38,0.00,0.00
671,350671,0,0,1868.95,0.00,0.00
672,350672,0,71,333.52,0.00,0.21
673,350673,0,0,610.86,0.00,0.00
674,350674,0,0,639.50,0.00,0.00
675,350675,0,2639,445.09,0.00,5.93
676,350676,0,2574,264.53,0.00,9.73
677,350677,0,3230,220.83,0.00,14.63
678,350678,0,5461,349.42,0.00,15.63
679,350679,0,0,261.97,0.00,0.00
680,350680,0,3584,689.16,0.00,5.20
681,350681,0,701,618.87,0.00,1.13
682,350682,0,0,327.12,0.00,0.00
683,350683,1,1423,502.63,0.00,2.83
684,350684,8,1075,310.20,0.02,3.46
685,350685,1,1206,240.65,0.00,5.01
686,350686,0,58,569.86,0.00,0.10
687,350687,0,284,582.49,0.00,0.49
688,350688,0,0,252.02,0.00,0.00
689,350689,0,0,281.42,0.00,0.00
690,350690,0,0,723.69,0.00,0.00
691,350691,18,59,211.19,0.09,0.28
692,350692,0,2,348.59,0.00,0.00
693,350693,0,0,497.61,0.00,0.00
694,350694,0,0,285.72,0.00,0.00
695,350695,676,504,301.09,2.25,1.67
696,350696,1523,1433,315.67,4.82,4.54
697,350697,976,44,290.96,3.35,0.15
698,350698,849,262,161.32,5.26,1.62
699,350699,471,121,181.41,2.60,0.67
700,350700,99,138,197.78,0.50,0.70
701,350701,561,0,218.75,2.56,0.00
702,350702,339,490,139.11,2.44,3.52
703,350703,633,0,237.82,2.66,0.00
704,350704,867,740,159.49,5.44,4.64
705,350705,1071,182,321.88,3.33,0.56
706,350706,87,1756,529.72,0.16,3.31
707,350707,1854,1,220.47,8.41,0.01
708,350708,1226,1,113.59,10.79,0.00
709,350709,538,151,232.60,2.31,0.65
710,350710,743,0,177.02,4.19,0.00
711,350711,1098,42,321.14,3.42,0.13
712,350712,761,253,251.34,3.03,1.01
713,350713,0,0,124.82,0.00,0.00
714,350714,0,0,216.42,0.00,0.00
715,350715,207,232,454.18,0.46,0.51
716,350716,2,216,540.34,0.00,0.40
717,350717,364,1639,89.05,4.09,18.41
718,350718,566,171,187.97,3.01,0.91
719,350719,443,255,133.53,3.32,1.91
720,350720,328,0,91.64,3.58,0.00
721,350721,528,0,208.65,2.53,0.00
722,350722,104,125,255.17,0.41,0.49
723,350723,805,343,316.12,2.55,1.09
724,350724,553,0,151.79,3.64,0.00
725,350725,548,1,175.71,3.12,0.00
726,350726,1059,345,387.27,2.73,0.89
727,350727,777,100,244.97,3.17,0.41
728,350728,0,4,719.49,0.00,0.01
729,350729,0,5,511.90,0.00,0.01
730,350730,215,47,101.99,2.11,0.46
731,350731,1,0,518.16,0.00,0.00
732,350732,744,17,221.51,3.36,0.08
733,350733,0,815,531.58,0.00,1.53
734,350734,0,1257,569.44,0.00,2.21
735,350735,0,783,135.81,0.00,5.76
736,350736,0,4,988.51,0.00,0.00
737,350737,434,8209,1209.30,0.36,6.79
738,350738,244,2,482.31,0.51,0.00
739,350739,0,729,468.92,0.00,1.55
740,350740,0,796,327.06,0.00,2.43
741,350741,0,3006,2327.78,0.00,1.29
742,350742,0,11415,2036.96,0.00,5.60
743,350743,0,1,187.02,0.00,0.00
744,350744,0,0,250.27,0.00,0.00
745,350745,5,8624,702.80,0.01,12.27
746,350746,0,8422,376.97,0.00,22.34
747,350747,0,387,116.85,0.00,3.31
748,350748,2340,371,501.46,4.67,0.74
749,350749,246,12,123.91,1.98,0.09
750,350750,544,390,70.56,7.71,5.52
751,350751,60,80,192.62,0.31,0.42
752,350752,668,258,189.68,3.52,1.36
753,350753,478,54,127.86,3.74,0.42
754,350754,799,147,207.01,3.86,0.71
755,350755,1738,498,253.44,6.86,1.96
756,350756,557,41,110.80,5.03,0.37
757,350757,1197,2797,194.00,6.17,14.42
758,350758,197,981,139.61,1.41,7.03
759,350759,767,3517,144.46,5.31,24.34
760,350760,516,19,178.82,2.89,0.11
761,350761,980,190,227.84,4.30,0.83
762,350762,43,79,68.77,0.62,1.15
763,350763,130,194,28.62,4.55,6.76
764,350764,223,518,66.04,3.37,7.84
765,350765,595,1919,175.03,3.40,10.96
766,350766,314,1506,96.47,3.26,15.61
767,350767,142,496,43.35,3.28,11.43
768,350768,131,363,30.45,4.30,11.93
769,350769,106,311,46.00,2.30,6.77
770,350770,0,2971,692.32,0.00,4.29
771,350771,1,3836,444.70,0.00,8.63
772,350772,0,3117,966.67,0.00,3.22
773,350773,1,994,160.86,0.01,6.18
774,350774,0,430,264.20,0.00,1.63
775,350775,3,2658,307.27,0.01,8.65
776,350776,0,5260,418.32,0.00,12.57
777,350777,1,1497,629.31,0.00,2.38
778,350778,1,455,266.54,0.00,1.71
779,350779,5,2575,378.63,0.01,6.80
780,350780,1,4442,599.41,0.00,7.41
781,350781,1,1264,182.98,0.01,6.91
782,350782,0,3173,411.87,0.00,7.70
783,350783,0,1552,251.87,0.00,6.16
784,350784,1612,177,236.09,6.83,0.75
785,350785,1529,108,198.91,7.69,0.54
786,350786,588,21,143.23,4.10,0.14
787,350787,509,186,143.05,3.56,1.30
788,350788,933,432,239.00,3.90,1.81
789,350789,735,657,204.11,3.60,3.22
790,350790,708,164,178.09,3.97,0.92
791,350791,299,222,130.47,2.29,1.70
792,350792,140,348,54.01,2.60,6.45
793,350793,0,646,105.72,0.00,6.11
794,350794,0,0,176.82,0.00,0.00
795,350795,0,6976,632.95,0.00,11.02
796,350796,0,6676,651.83,0.00,10.24
797,350797,0,8136,657.62,0.00,12.37
798,350798,0,4990,367.98,0.00,13.56
799,350799,0,2946,275.29,0.00,10.70
800,350800,1,6373,410.37,0.00,15.53
801,350801,967,657,258.63,3.74,2.54
802,350802,1,1425,200.04,0.00,7.12
803,350803,0,392,83.39,0.00,4.70
804,350804,508,1242,209.22,2.43,5.94
805,350805,0,1879,127.95,0.00,14.69
806,350806,18,4223,328.32,0.06,12.86
807,350807,0,362,75.90,0.00,4.77
808,350808,15,278,175.47,0.08,1.59
809,350809,846,690,69.41,12.18,9.94
810,350810,591,1195,102.31,5.77,11.68
811,350811,405,2409,88.16,4.59,27.33
812,350812,58,6394,441.14,0.13,14.49
813,350813,1,5117,252.93,0.00,20.23
814,350814,1,7470,268.49,0.00,27.82
815,350815,0,8314,136.29,0.00,61.00
816,350816,0,3207,257.44,0.00,12.46
817,350817,1587,4088,408.90,3.88,10.00
818,350818,301,0,69.37,4.34,0.00
819,350819,674,5991,385.90,1.75,15.52
820,350820,246,38,81.25,3.03,0.46
821,350821,352,5345,334.49,1.05,15.98
822,350822,1,3377,313.04,0.00,10.79
823,350823,0,1134,154.70,0.00,7.33
824,350824,0,432,52.56,0.00,8.22
825,350825,1475,333,199.34,7.40,1.67
826,350826,605,547,150.49,4.02,3.63
827,350827,997,4,86.12,11.58,0.04
828,350828,198,173,49.85,3.97,3.48
829,350829,870,838,161.06,5.40,5.20
830,350830,667,1093,160.67,4.15,6.80
831,350831,469,102,84.93,5.52,1.20
832,350832,63,8699,342.24,0.18,25.42
833,350833,141,1489,131.86,1.07,11.29
834,350834,169,1120,61.63,2.75,18.17
835,350835,1017,3279,119.57,8.50,27.42
836,350836,0,1589,81.85,0.00,19.41
837,350837,725,1985,153.31,4.73,12.95
838,350838,1174,5251,391.32,3.00,13.42
839,350839,702,692,152.13,4.62,4.55
840,350840,132,116,193.74,0.68,0.60
841,350841,962,722,174.17,5.53,4.15
842,350842,0,2040,186.01,0.00,10.97
843,350843,0,1824,355.27,0.00,5.13
844,350844,0,689,178.53,0.00,3.86
845,350845,287,1997,173.29,1.65,11.52
846,350846,0,670,251.98,0.00,2.66
847,350847,304,844,178.23,1.71,4.73
848,350848,516,323,143.94,3.58,2.24
849,350849,451,1094,192.93,2.34,5.67
850,350850,817,1648,320.76,2.55,5.14
851,350851,1082,461,321.31,3.37,1.43
852,350852,1885,2052,322.51,5.85,6.36
853,350853,711,448,111.31,6.38,4.02
854,350854,489,610,125.19,3.91,4.87
855,350855,488,1440,160.39,3.04,8.97
856,350856,229,645,88.37,2.59,7.30
857,350857,602,73,196.32,3.07,0.37
858,350858,517,106,160.85,3.21,0.66
859,350859,249,23,86.41,2.88,0.26
860,350860,139,377,72.11,1.93,5.23
861,350861,822,928,160.54,5.12,5.78
862,350862,255,23,74.31,3.43,0.30
863,350863,446,69,160.51,2.78,0.43
864,350864,1111,2747,82.08,13.53,33.47
865,350865,547,1415,98.49,5.55,14.37
866,350866,1274,4971,96.89,13.15,51.30
867,350867,403,78,140.15,2.88,0.56
868,350868,399,709,105.23,3.79,6.74
869,350869,595,56,66.85,8.91,0.84
870,350870,722,1765,159.06,4.54,11.09
871,350871,129,36,55.23,2.33,0.65
872,350872,1501,945,161.21,9.31,5.86
873,350873,2563,1942,351.64,7.29,5.52
874,350874,1773,1,172.54,10.27,0.00
875,350875,1776,4800,333.36,5.33,14.40
876,350876,431,3656,259.49,1.66,14.09
877,350877,642,1573,211.86,3.03,7.43
878,350878,433,710,179.14,2.42,3.96
879,350879,407,97,159.98,2.55,0.61
880,350880,488,139,134.33,3.63,1.04
881,350881,358,93,109.00,3.28,0.85
882,350882,954,90,237.76,4.01,0.38
883,350883,561,5,170.41,3.29,0.03
884,350884,442,201,153.22,2.88,1.31
885,350885,494,325,138.29,3.57,2.35
886,350886,766,360,191.65,4.00,1.88
887,350887,932,529,172.94,5.39,3.06
888,350888,374,1192,149.25,2.50,7.99
889,350889,527,143,160.77,3.28,0.89
890,350890,531,40,161.12,3.30,0.25
891,350891,594,125,159.19,3.73,0.79
892,350892,841,578,157.40,5.34,3.67
893,350893,596,3869,187.38,3.18,20.65
894,350894,300,0,55.59,5.40,0.00
895,350895,459,947,157.39,2.91,6.01
896,350896,387,0,81.16,4.76,0.00
897,350897,208,1920,164.05,1.27,11.70
898,350898,1317,1465,381.24,3.45,3.84
899,350899,2250,6093,449.77,5.00,13.55
900,350900,848,125,146.68,5.78,0.85
901,350901,3123,662,303.35,10.29,2.18
902,350902,0,1393,110.72,0.00,12.58
903,350903,12,1082,114.27,0.10,9.47
904,350904,440,432,67.18,6.55,6.43
905,350905,34,3584,88.96,0.38,40.29
906,350906,38,45,60.83,0.62,0.73
907,350907,212,1501,517.68,0.41,2.90
908,350908,859,61,229.45,3.74,0.26
909,350909,599,130,164.00,3.65,0.79
910,350910,575,481,168.19,3.42,2.86
911,350911,961,180,228.54,4.21,0.79
912,350912,1745,1086,478.90,3.64,2.27
913,350913,308,827,170.92,1.80,4.84
914,350914,218,13,60.73,3.58,0.21
915,350915,565,99,94.00,6.01,1.05
916,350916,707,251,229.11,3.09,1.09
917,350917,323,36,92.32,3.50,0.39
918,350918,281,41,115.49,2.43,0.36
919,350919,302,261,204.89,1.47,1.27
920,350920,529,575,184.59,2.87,3.11
921,350921,446,137,134.42,3.32,1.02
922,350922,1181,2400,322.73,3.66,7.44
923,350923,1104,286,127.56,8.65,2.24
924,350924,18,2091,96.34,0.19,21.70
925,350925,653,1088,178.04,3.66,6.11
926,350926,807,16,373.14,2.16,0.04
927,350927,1142,1681,169.62,6.73,9.91
928,350928,258,0,149.62,1.72,0.00
929,350929,1260,340,328.71,3.83,1.03
930,350930,451,0,171.60,2.63,0.00
931,350931,590,220,318.47,1.85,0.69
932,350932,769,3989,316.91,2.43,12.59
933,350933,1721,915,717.85,2.40,1.27
934,350934,1157,115,300.88,3.85,0.38
935,350935,1260,1899,439.91,2.86,4.32
936,350936,971,1007,226.54,4.29,4.45
937,350937,1169,78,291.06,4.01,0.27
938,350938,883,566,281.08,3.14,2.01
939,350939,1123,648,365.54,3.07,1.77
940,350940,1059,313,319.88,3.31,0.98
941,350941,620,126,274.33,2.26,0.46
942,350942,138,355,142.86,0.96,2.48
943,350943,328,401,120.22,2.73,3.34
944,350944,1307,0,21.58,60.54,0.00
945,350945,1482,662,40.37,36.72,16.39
946,350946,1503,148,35.19,42.70,4.21
947,350947,0,833,56.63,0.00,14.71
948,350948,1311,565,28.81,45.52,19.61
949,350949,880,1975,28.85,30.51,68.44
950,350950,154,1439,14.57,10.59,98.75
951,350951,173,106,14.57,11.85,7.26
952,350952,0,1375,14.38,0.00,95.62
953,350953,0,2557,14.40,0.00,177.57
954,350954,0,975,28.77,0.00,33.89
955,350955,953,288,14.38,66.28,19.99
956,350956,692,537,14.40,48.06,37.31
957,350957,884,0,14.39,61.40,0.00
958,350958,1168,706,28.82,40.52,24.50
959,350959,717,285,14.40,49.81,19.81
960,350960,687,441,14.40,47.67,30.64
961,350961,611,903,14.42,42.34,62.61
962,350962,0,0,14.40,0.00,0.00
963,350963,686,271,14.39,47.70,18.85
964,350964,582,583,14.40,40.42,40.49
965,350965,176,507,14.57,12.05,34.81
966,350966,0,4381,29.20,0.00,150.03
967,350967,1688,458,70.74,23.86,6.47
968,350968,443,2688,14.39,30.81,186.82
969,350969,162,6904,14.42,11.25,478.78
970,350970,277,2045,14.40,19.22,142.00
971,350971,412,1456,14.41,28.59,101.02
972,350972,66,1266,14.42,4.54,87.79
973,350973,213,1606,14.39,14.78,111.58
974,350974,479,5320,14.40,33.25,369.47
975,350975,34,3485,14.44,2.35,241.33
976,350976,138,1649,14.41,9.54,114.42
977,350977,471,2450,14.41,32.65,170.03
978,350978,156,3934,14.44,10.81,272.45
979,350979,123,3620,14.40,8.51,251.38
980,350980,271,274,14.39,18.84,19.01
981,350981,0,1505,14.41,0.00,104.46
982,350982,0,928,14.38,0.00,64.53
983,350983,22,567,14.38,1.51,39.39
984,350984,322,269,14.41,22.37,18.67
985,350985,230,1701,14.42,15.95,117.98
986,350986,359,1172,14.40,24.92,81.40
987,350987,246,1149,14.42,17.08,79.65
988,350988,136,238,14.44,9.44,16.47
989,350989,252,528,14.42,17.45,36.58
990,350990,77,606,14.40,5.31,42.07
991,350991,102,3147,75.45,1.35,41.71
992,350992,918,2380,82.20,11.17,28.96
993,350993,0,1524,14.43,0.00,105.63
994,350994,148,1775,14.36,10.28,123.61
995,350995,250,267,14.38,17.41,18.59
996,350996,115,1067,14.39,7.97,74.16
997,350997,0,1501,14.48,0.00,103.67
998,350998,119,661,14.31,8.32,46.21
999,350999,279,202,14.41,19.37,14.00
1000,351000,308,165,14.40,21.40,11.46
1001,351001,292,101,14.42,20.25,7.02
1002,351002,2,983,14.42,0.16,68.17
1003,351003,104,904,14.55,7.16,62.12
1004,351004,152,823,14.27,10.65,57.65
1005,351005,286,292,14.41,19.82,20.25
1006,351006,322,23,14.42,22.35,1.58
1007,351007,246,158,14.45,16.99,10.91
1008,351008,272,117,14.44,18.85,8.09
1009,351009,449,526,29.24,15.35,18.00
1010,351010,483,260,28.39,17.00,9.15
1011,351011,561,239,28.83,19.46,8.30
1012,351012,531,123,28.80,18.44,4.27
1013,351013,495,581,28.87,17.13,20.13
1014,351014,76,438,28.83,2.64,15.19
1015,351015,0,666,14.42,0.00,46.19
1016,351016,48,367,14.40,3.30,25.47
1017,351017,64,578,14.41,4.42,40.12
1018,351018,355,1185,14.43,24.57,82.13
1019,351019,243,418,14.40,16.90,29.01
1020,351020,117,370,14.42,8.09,25.64
1021,351021,508,102,14.45,35.12,7.06
1022,351022,100,8,14.43,6.90,0.54
1023,351023,234,447,28.80,8.12,15.51
1024,351024,298,248,28.90,10.30,8.58
1025,351025,467,60,28.80,16.22,2.08
1026,351026,49,527,208.37,0.23,2.53
1027,351027,8,2148,450.59,0.02,4.77
1028,351028,174,921,46.02,3.78,20.02
1029,351029,0,214,484.67,0.00,0.44
1030,351030,296,58,3616.36,0.08,0.02
1031,351031,312,0,66.78,4.67,0.00
1032,351032,875,223,577.15,1.52,0.39
1033,351033,227,0,452.32,0.50,0.00
1034,351034,486,138,48.39,10.04,2.86
1035,351035,828,960,28.60,28.93,33.55
1036,351036,254,341,74.45,3.41,4.58
1037,351037,470,363,43.19,10.88,8.39
1038,351038,865,692,71.75,12.06,9.65
1039,351039,538,298,96.84,5.55,3.08
1040,351040,475,346,61.47,7.72,5.63
1041,351041,573,123,59.28,9.67,2.07
1042,351042,0,1266,45.74,0.00,27.68
1043,351043,1464,770,85.27,17.17,9.03
1044,351044,490,211,46.97,10.43,4.49
1045,351045,155,308,57.17,2.71,5.39
1046,351046,290,50,59.03,4.91,0.85
1047,351047,273,197,86.02,3.18,2.29
1048,351048,149,3241,46.85,3.18,69.18
1049,351049,265,0,47.24,5.60,0.00
1050,351050,300,0,46.81,6.41,0.00
1051,351051,702,0,58.95,11.91,0.00
1052,351052,539,210,59.09,9.12,3.56
1053,351053,632,929,60.51,10.44,15.34
1054,351054,592,26,62.75,9.43,0.42
1055,351055,49,26,180.87,0.27,0.14
1056,351056,425,310,196.88,2.16,1.57
1057,351057,731,1057,60.27,12.13,17.53
1058,351058,482,145,64.17,7.50,2.26
1059,351059,400,305,61.61,6.49,4.94
1060,351060,167,1176,14.38,11.62,81.77
1061,351061,274,1366,28.78,9.50,47.47
1062,351062,305,754,14.38,21.21,52.41
1063,351063,435,307,28.82,15.10,10.66
1064,351064,291,652,14.40,20.17,45.30
1065,351065,213,1165,28.82,7.39,40.43
1066,351066,446,329,14.38,31.02,22.88
1067,351067,584,942,28.78,20.28,32.73
1068,351068,1328,671,86.53,15.35,7.76
1069,351069,616,297,43.32,14.22,6.86
1070,351070,620,1043,43.29,14.33,24.08
1071,351071,486,1652,57.64,8.43,28.66
1072,351072,436,90,43.99,9.92,2.05
1073,351073,571,28,57.05,10.01,0.49
1074,351074,408,496,44.13,9.24,11.24
1075,351075,0,19775,390.49,0.00,50.64
1076,351076,872,10734,449.16,1.94,23.90
1077,351077,322,10312,621.09,0.52,16.60
1078,351078,151,437,14.39,10.50,30.35
1079,351079,25,1258,28.76,0.88,43.75
1080,351080,177,214,14.37,12.33,14.89
1081,351081,246,938,28.80,8.53,32.55
1082,351082,496,93,43.24,11.47,2.15
1083,351083,318,22,28.77,11.06,0.75
1084,351084,545,67,57.55,9.47,1.16
1085,351085,342,871,42.58,8.03,20.46
1086,351086,532,495,42.83,12.43,11.55
1087,351087,893,677,86.52,10.33,7.82
1088,351088,465,546,87.61,5.31,6.23
1089,351089,735,17,50.82,14.46,0.33
1090,351090,527,27,44.25,11.91,0.62
1091,351091,439,347,85.23,5.15,4.07
1092,351092,460,390,146.97,3.13,2.65
1093,351093,0,4342,141.84,0.00,30.61
1094,351094,621,175,68.42,9.08,2.56
1095,351095,576,480,50.34,11.44,9.53
1096,351096,431,232,25.30,17.05,9.16
1097,351097,5,649,60.07,0.08,10.80
1098,351098,56,621,38.70,1.44,16.05
1099,351099,581,170,44.05,13.19,3.87
1100,351100,817,348,32.75,24.94,10.62
1101,351101,76,169,21.44,3.55,7.87
1102,351102,400,719,54.09,7.40,13.28
1103,351103,984,612,108.26,9.09,5.66
1104,351104,684,127,107.97,6.34,1.18
1105,351105,0,95,103.19,0.00,0.92
1106,351106,756,242,108.23,6.99,2.23
1107,351107,706,253,109.19,6.47,2.32
1108,351108,243,199,65.38,3.72,3.04
1109,351109,209,78,41.60,5.02,1.86
1110,351110,332,3,89.61,3.70,0.03
1111,351111,153,0,40.95,3.73,0.00
1112,351112,212,0,48.10,4.41,0.00
1113,351113,326,112,72.40,4.50,1.54
1114,351114,525,61,117.20,4.48,0.52
1115,351115,594,127,138.39,4.29,0.92
1116,351116,377,627,343.19,1.10,1.83
1117,351117,977,0,182.51,5.35,0.00
1118,351118,512,327,183.29,2.79,1.79
1119,351119,278,0,110.72,2.51,0.00
1120,351120,145,6,56.59,2.57,0.10
1121,351121,5,1414,87.54,0.05,16.15
1122,351122,109,945,52.79,2.06,17.90
1123,351123,734,508,54.52,13.46,9.32
1124,351124,839,159,53.88,15.57,2.94
1125,351125,339,1050,53.68,6.31,19.55
1126,351126,762,1106,107.68,7.07,10.27
1127,351127,718,27,107.33,6.68,0.25
1128,351128,614,179,107.39,5.72,1.66
1129,351129,618,192,107.76,5.73,1.78
1130,351130,706,350,107.77,6.55,3.25
1131,351131,646,377,107.62,6.00,3.50
1132,351132,620,120,111.73,5.55,1.07
1133,351133,522,280,106.66,4.90,2.63
1134,351134,327,210,104.22,3.14,2.01
1135,351135,393,122,107.78,3.64,1.13
1136,351136,514,1480,129.58,3.97,11.42
1137,351137,1,1579,88.33,0.01,17.88
1138,351138,0,963,52.69,0.00,18.28
1139,351139,292,389,31.68,9.22,12.27
1140,351140,181,313,20.53,8.82,15.25
1141,351141,864,533,75.25,11.48,7.09
1142,351142,580,205,53.83,10.77,3.81
1143,351143,530,2294,53.39,9.93,42.96
1144,351144,681,389,41.53,16.41,9.37
1145,351145,1087,9718,107.09,10.15,90.74
1146,351146,775,865,106.74,7.26,8.11
1147,351147,729,327,106.53,6.84,3.07
1148,351148,800,529,107.63,7.43,4.91
1149,351149,503,244,81.28,6.19,3.00
1150,351150,291,743,63.63,4.57,11.68
1151,351151,445,319,25.99,17.10,12.25
1152,351152,794,584,43.49,18.26,13.42
1153,351153,583,569,106.20,5.49,5.35
1154,351154,550,54,103.08,5.34,0.52
1155,351155,526,20,107.77,4.88,0.19
1156,351156,456,95,107.42,4.25,0.88
1157,351157,579,458,107.23,5.40,4.27
1158,351158,550,528,136.35,4.03,3.87
1159,351159,898,966,91.85,9.78,10.51
1160,351160,403,1776,40.88,9.86,43.45
1161,351161,332,11,80.70,4.11,0.13
1162,351162,282,426,112.93,2.50,3.77
1163,351163,110,2018,37.24,2.96,54.19
1164,351164,26,156,6.84,3.78,22.85
1165,351165,126,218,10.56,11.96,20.64
1166,351166,186,271,19.36,9.60,13.97
1167,351167,44,1000,16.32,2.69,61.26
1168,351168,438,1010,53.03,8.25,19.05
1169,351169,325,554,41.30,7.87,13.40
1170,351170,100,101,41.99,2.38,2.41
1171,351171,457,469,51.67,8.84,9.07
1172,351172,317,22,52.24,6.06,0.43
1173,351173,318,426,42.17,7.53,10.09
1174,351174,571,17,49.14,11.63,0.35
1175,351175,714,806,43.19,16.52,18.65
1176,351176,865,1320,41.25,20.97,32.00
1177,351177,410,1964,27.79,14.75,70.67
1178,351178,454,242,39.20,11.58,6.18
1179,351179,196,272,46.57,4.21,5.84
1180,351180,609,1235,36.76,16.58,33.58
1181,351181,3,316,162.07,0.02,1.95
1182,351182,548,169,189.96,2.89,0.89
1183,351183,678,528,450.59,1.50,1.17
1184,351184,0,593,64.70,0.00,9.17
1185,351185,0,497,36.74,0.00,13.51
1186,351186,54,594,38.29,1.40,15.51
1187,351187,220,718,37.66,5.83,19.06
1188,351188,85,1016,37.66,2.24,26.97
1189,351189,0,562,58.91,0.00,9.53
1190,351190,0,479,41.27,0.00,11.59
1191,351191,0,684,42.36,0.00,16.15
1192,351192,476,1346,83.85,5.68,16.05
1193,351193,450,997,74.56,6.03,13.37
1194,351194,450,2,76.08,5.91,0.03
1195,351195,870,833,89.95,9.67,9.26
1196,351196,630,29,104.16,6.05,0.28
1197,351197,418,74,77.27,5.41,0.95
1198,351198,1,0,49.97,0.02,0.00
1199,351199,8,1211,49.72,0.15,24.36
1200,351200,29,601,42.03,0.69,14.30
1201,351201,54,694,44.09,1.21,15.73
1202,351202,566,1952,86.73,6.52,22.51
1203,351203,19,987,68.03,0.28,14.51
1204,351204,97,535,39.92,2.43,13.39
1205,351205,236,2359,68.58,3.44,34.39
1206,351206,94,1188,101.64,0.93,11.69
1207,351207,505,454,45.72,11.03,9.93
1208,351208,732,1912,101.02,7.25,18.92
1209,351209,2,961,46.87,0.04,20.51
1210,351210,368,312,46.66,7.88,6.68
1211,351211,1278,2346,112.66,11.35,20.83
1212,351212,657,892,75.77,8.67,11.78
1213,351213,381,166,66.90,5.70,2.48
1214,351214,214,7,42.50,5.04,0.16
1215,351215,329,113,69.95,4.71,1.62
1216,351216,2182,1597,163.51,13.35,9.77
1217,351217,1709,395,171.90,9.94,2.30
1218,351218,651,1577,166.59,3.90,9.47
1219,351219,353,630,43.65,8.09,14.44
1220,351220,951,230,78.05,12.19,2.94
1221,351221,625,472,47.48,13.15,9.94
1222,351222,532,232,81.84,6.50,2.84
1223,351223,1033,2462,163.09,6.33,15.09
1224,351224,829,753,123.54,6.71,6.10
1225,351225,1,423,70.02,0.01,6.03
1226,351226,533,166,41.31,12.91,4.03
1227,351227,824,670,77.83,10.59,8.61
1228,351228,270,646,116.86,2.31,5.53
1229,351229,423,1080,100.49,4.21,10.75
1230,351230,108,565,44.66,2.41,12.66
1231,351231,762,1120,56.11,13.57,19.96
1232,351232,210,677,58.39,3.60,11.59
1233,351233,448,1350,69.87,6.40,19.32
1234,351234,428,10039,116.56,3.67,86.12
1235,351235,1191,557,81.58,14.60,6.82
1236,351236,446,725,92.18,4.83,7.87
1237,351237,295,1471,115.97,2.54,12.68
1238,351238,687,1092,97.92,7.01,11.15
1239,351239,1449,935,372.21,3.89,2.51
1240,351240,1903,696,203.97,9.33,3.41
1241,351241,453,1868,152.56,2.97,12.25
1242,351242,523,263,79.10,6.62,3.33
1243,351243,68,1266,108.28,0.62,11.69
1244,351244,716,2034,288.90,2.48,7.04
1245,351245,17,787,87.23,0.19,9.02
1246,351246,679,1248,202.72,3.35,6.16
1247,351247,223,755,93.18,2.39,8.10
1248,351248,387,695,52.99,7.30,13.11
1249,351249,835,5,144.19,5.79,0.03
1250,351250,852,623,119.30,7.14,5.22
1251,351251,246,1054,112.78,2.18,9.34
1252,351252,397,123,153.44,2.59,0.80
1253,351253,433,1148,119.02,3.64,9.64
1254,351254,30,5353,160.40,0.19,33.37
1255,351255,258,425,92.17,2.80,4.61
1256,351256,815,2152,198.89,4.10,10.82
1257,351257,354,2055,169.69,2.08,12.11
1258,351258,645,1262,224.81,2.87,5.61
1259,351259,732,1119,283.91,2.58,3.94
1260,351260,792,978,243.38,3.25,4.02
1261,351261,792,696,260.28,3.04,2.67
1262,351262,561,268,167.45,3.35,1.60
1263,351263,1298,9,88.20,14.71,0.10
1264,351264,761,79,146.69,5.19,0.54
1265,351265,249,143,42.07,5.93,3.40
1266,351266,788,100,185.49,4.25,0.54
1267,351267,471,76,97.75,4.82,0.78
1268,351268,211,396,57.67,3.65,6.87
1269,351269,328,39,50.54,6.49,0.76
1270,351270,204,44,49.54,4.12,0.88
1271,351271,473,47,94.61,5.00,0.49
1272,351272,769,425,94.17,8.16,4.51
1273,351273,347,153,72.75,4.77,2.10
1274,351274,963,2046,139.19,6.92,14.70
1275,351275,353,716,39.27,9.00,18.23
1276,351276,809,126,160.18,5.05,0.79
1277,351277,361,167,111.14,3.25,1.50
1278,351278,429,357,107.96,3.97,3.30
1279,351279,302,0,85.17,3.55,0.00
1280,351280,502,331,120.06,4.18,2.76
1281,351281,383,14,92.15,4.16,0.15
1282,351282,321,108,78.45,4.09,1.38
1283,351283,364,436,93.74,3.88,4.65
1284,351284,477,400,159.96,2.98,2.50
1285,351285,432,505,115.08,3.75,4.39
1286,351286,1076,2495,470.94,2.28,5.30
1287,351287,736,126,305.51,2.41,0.41
1288,351288,863,476,453.46,1.90,1.05
1289,351289,999,926,466.56,2.14,1.98
1290,351290,1328,749,173.99,7.63,4.30
1291,351291,732,576,169.61,4.32,3.39
1292,351292,647,962,170.72,3.79,5.64
1293,351293,1537,1768,175.46,8.76,10.07
1294,351294,472,367,270.02,1.75,1.36
1295,351295,526,193,154.79,3.40,1.24
1296,351296,660,496,147.48,4.48,3.36
1297,351297,400,403,129.23,3.09,3.12
1298,351298,443,226,127.14,3.48,1.78
1299,351299,686,477,235.11,2.92,2.03
1300,351300,469,58,155.72,3.01,0.37
1301,351301,673,768,314.32,2.14,2.44
1302,351302,813,8226,173.59,4.68,47.39
1303,351303,866,457,168.26,5.14,2.71
1304,351304,377,3721,169.87,2.22,21.90
1305,351305,576,484,106.47,5.41,4.54
1306,351306,1630,761,220.39,7.40,3.45
1307,351307,727,119,167.76,4.33,0.71
1308,351308,702,634,154.42,4.55,4.11
1309,351309,1029,1125,249.84,4.12,4.50
1310,351310,563,423,136.24,4.13,3.11
1311,351311,401,696,120.07,3.34,5.80
1312,351312,549,476,129.83,4.23,3.66
1313,351313,565,108,171.57,3.29,0.63
1314,351314,310,462,109.08,2.84,4.24
1315,351315,498,19,140.62,3.54,0.14
1316,351316,201,99,77.54,2.59,1.28
1317,351317,328,42,158.21,2.08,0.27
1318,351318,433,109,138.62,3.12,0.79
1319,351319,209,0,94.99,2.20,0.00
1320,351320,612,1262,173.96,3.52,7.25
1321,351321,552,925,113.75,4.85,8.13
1322,351322,690,351,102.46,6.73,3.42
1323,351323,810,312,200.15,4.05,1.56
1324,351324,508,435,147.91,3.43,2.94
1325,351325,626,477,236.69,2.64,2.01
1326,351326,312,32,105.50,2.95,0.31
1327,351327,362,0,139.98,2.58,0.00
1328,351328,522,12,59.88,8.71,0.20
1329,351329,494,155,196.24,2.52,0.79
1330,351330,1149,305,169.80,6.76,1.80
1331,351331,1415,696,286.04,4.95,2.43
1332,351332,603,570,172.95,3.49,3.29
1333,351333,210,85,152.88,1.37,0.55
1334,351334,558,162,373.22,1.50,0.43
1335,351335,260,829,187.91,1.38,4.41
1336,351336,379,12,563.36,0.67,0.02
1337,351337,360,455,227.36,1.58,2.00
1338,351338,298,573,358.59,0.83,1.60
1339,351339,0,0,809.26,0.00,0.00
1340,351340,0,0,610.18,0.00,0.00
1341,351341,0,69,882.87,0.00,0.08
1342,351342,0,3,491.26,0.00,0.01
1343,351343,0,116,220.28,0.00,0.52
1344,351344,0,0,946.21,0.00,0.00
1345,351345,3,626,680.20,0.00,0.92
1346,351346,248,0,590.93,0.42,0.00
1347,351347,1495,130,787.74,1.90,0.16
1348,351348,8,304,197.70,0.04,1.54
1349,351349,0,1320,518.66,0.00,2.54
1350,351350,731,21,268.14,2.73,0.08
1351,351351,0,0,1911.34,0.00,0.00
1352,351352,841,2,590.15,1.43,0.00
1353,351353,961,0,730.00,1.32,0.00
1354,351354,1497,1159,739.44,2.02,1.57
1355,351355,2024,2281,728.58,2.78,3.13
1356,351356,1228,335,417.66,2.94,0.80
1357,351357,1538,1186,437.74,3.51,2.71
1358,351358,1056,375,395.83,2.67,0.95
1359,351359,2606,207,1216.02,2.14,0.17
1360,351360,1725,859,637.98,2.70,1.35
1361,351361,1417,2829,634.77,2.23,4.46
1362,351362,487,0,275.46,1.77,0.00
1363,351363,1196,191,283.03,4.23,0.67
1364,351364,221,0,234.81,0.94,0.00
1365,351365,64,40,814.19,0.08,0.05
1366,351366,1928,622,895.18,2.15,0.69
1367,351367,1143,2,419.78,2.72,0.00
1368,351368,429,992,243.62,1.76,4.07
1369,351369,1051,1020,251.64,4.18,4.05
1370,351370,732,0,216.62,3.38,0.00
1371,351371,1338,0,269.54,4.96,0.00
1372,351372,396,0,79.46,4.98,0.00
1373,351373,909,4904,823.74,1.10,5.95
1374,351374,0,2568,330.64,0.00,7.77
1375,351375,0,2500,653.02,0.00,3.83
1376,351376,702,0,102.21,6.86,0.00
1377,351377,492,39,100.98,4.87,0.39
1378,351378,0,3500,210.54,0.00,16.62
1379,351379,400,0,162.90,2.46,0.00
1380,351380,740,0,155.30,4.76,0.00
1381,351381,501,363,168.94,2.96,2.15
1382,351382,717,192,169.37,4.23,1.13
1383,351383,358,71,114.85,3.12,0.62
1384,351384,1023,2365,131.02,7.81,18.05
1385,351385,850,0,159.92,5.32,0.00
1386,351386,390,0,151.55,2.57,0.00
1387,351387,250,203,66.08,3.78,3.06
1388,351388,711,0,452.84,1.57,0.00
1389,351389,2161,0,431.99,5.00,0.00
1390,351390,1337,0,267.32,5.00,0.00
1391,351391,2072,3317,708.27,2.93,4.68
1392,351392,1045,66,255.99,4.08,0.26
1393,351393,2882,3329,427.93,6.73,7.78
1394,351394,795,3905,245.22,3.24,15.92
1395,351395,1049,0,343.20,3.06,0.00
1396,351396,961,129,287.51,3.34,0.45
1397,351397,1000,483,238.83,4.19,2.02
1398,351398,2761,493,450.19,6.13,1.10
1399,351399,63,0,639.31,0.10,0.00
1400,351400,153,459,495.20,0.31,0.93
1401,351401,1929,14,1922.93,1.00,0.01
1402,351402,2959,497,509.23,5.81,0.98
1403,351403,4013,549,771.01,5.20,0.71
1404,351404,1826,464,1359.86,1.34,0.34
1405,351405,798,2116,800.25,1.00,2.64
1406,351406,507,111,250.94,2.02,0.44
1407,351407,370,220,223.69,1.65,0.98
1408,351408,499,507,199.70,2.50,2.54
1409,351409,175,152,150.56,1.16,1.01
1410,351410,191,468,126.54,1.51,3.70
1411,351411,2701,6149,467.47,5.78,13.15
1412,351412,1054,557,641.64,1.64,0.87
1413,351413,2051,581,653.09,3.14,0.89
1414,351414,820,820,553.63,1.48,1.48
1415,351415,1396,252,311.22,4.49,0.81
1416,351416,1118,230,306.60,3.65,0.75
1417,351417,142,587,358.70,0.40,1.64
1418,351418,139,1950,308.46,0.45,6.32
1419,351419,279,120,482.93,0.58,0.25
1420,351420,1869,45,450.46,4.15,0.10
1421,351421,1068,1653,282.75,3.78,5.85
1422,351422,1269,500,341.83,3.71,1.46
1423,351423,1685,138,342.35,4.92,0.40
1424,351424,1112,221,332.23,3.35,0.67
1425,351425,672,1696,235.33,2.85,7.20
1426,351426,585,404,394.93,1.48,1.02
1427,351427,694,2,250.13,2.77,0.01
1428,351428,504,194,146.19,3.45,1.33
1429,351429,0,1106,970.35,0.00,1.14
1430,351430,1950,1272,286.90,6.80,4.43
1431,351431,812,267,223.95,3.62,1.19
1432,351432,1383,6710,298.57,4.63,22.47
1433,351433,1231,341,304.82,4.04,1.12
1434,351434,898,69,321.01,2.80,0.21
1435,351435,967,44,320.61,3.02,0.14
1436,351436,730,657,302.25,2.42,2.17
1437,351437,752,294,321.95,2.34,0.91
1438,351438,864,263,321.86,2.68,0.82
1439,351439,560,2238,322.07,1.74,6.95
1440,351440,1225,1375,319.82,3.83,4.30
1441,351441,1339,1637,308.66,4.34,5.30
1442,351442,575,0,195.83,2.94,0.00
1443,351443,425,99,110.00,3.87,0.90
1444,351444,1215,1341,323.45,3.75,4.14
1445,351445,765,856,288.89,2.65,2.96
1446,351446,9,0,165.01,0.05,0.00
1447,351447,259,50,91.44,2.84,0.55
1448,351448,270,23,115.00,2.34,0.20
1449,351449,1307,1066,137.81,9.48,7.73
1450,351450,581,6193,123.33,4.71,50.21
1451,351451,1984,511,139.81,14.19,3.66
1452,351452,3159,2919,305.74,10.33,9.55
1453,351453,386,1108,117.63,3.28,9.42
1454,351454,541,1186,138.35,3.91,8.57
1455,351455,544,729,273.64,1.99,2.66
1456,351456,1640,894,562.30,2.92,1.59
1457,351457,1173,651,449.88,2.61,1.45
1458,351458,797,1,319.68,2.49,0.00
1459,351459,350,2708,551.46,0.63,4.91
1460,351460,1233,345,253.60,4.86,1.36
1461,351461,438,111,130.90,3.35,0.85
1462,351462,158,472,93.22,1.69,5.07
1463,351463,1231,746,320.62,3.84,2.33
1464,351464,692,807,270.39,2.56,2.98
1465,351465,70,2742,51.78,1.36,52.96
1466,351466,601,1066,109.41,5.49,9.74
1467,351467,445,906,210.60,2.11,4.30
1468,351468,548,250,207.62,2.64,1.20
1469,351469,474,959,146.56,3.24,6.54
1470,351470,400,94,135.51,2.95,0.70
1471,351471,720,345,194.57,3.70,1.77
1472,351472,86,303,137.48,0.63,2.20
1473,351473,205,796,138.83,1.48,5.73
1474,351474,631,1807,88.03,7.17,20.52
1475,351475,992,1355,249.73,3.97,5.43
1476,351476,203,1631,301.17,0.67,5.42
1477,351477,491,1156,142.17,3.45,8.13
1478,351478,570,1146,300.72,1.89,3.81
1479,351479,1510,464,151.05,10.00,3.07
1480,351480,17,4555,253.15,0.07,17.99
1481,351481,5,2393,468.40,0.01,5.11
1482,351482,500,1259,310.43,1.61,4.06
1483,351483,403,0,153.90,2.62,0.00
1484,351484,282,3,125.05,2.25,0.03
1485,351485,126,1184,434.81,0.29,2.72
1486,351486,345,34,113.43,3.04,0.30
1487,351487,523,18,214.84,2.43,0.08
1488,351488,357,208,165.29,2.16,1.26
1489,351489,696,212,324.85,2.14,0.65
1490,351490,208,135,147.01,1.42,0.92
1491,351491,740,0,294.85,2.51,0.00
1492,351492,276,115,153.84,1.79,0.75
1493,351493,18,364,110.37,0.16,3.29
1494,351494,0,285,59.90,0.00,4.76
1495,351495,390,338,165.16,2.36,2.04
1496,351496,614,360,158.75,3.87,2.27
1497,351497,334,0,155.40,2.15,0.00
1498,351498,406,475,258.78,1.57,1.83
1499,351499,550,128,241.24,2.28,0.53
1500,351500,270,378,150.63,1.79,2.51
1501,351501,1144,335,159.75,7.16,2.10
1502,351502,281,155,170.56,1.65,0.91
1503,351503,353,366,161.28,2.19,2.27
1504,351504,405,0,161.72,2.50,0.00
1505,351505,375,214,242.61,1.55,0.88
1506,351506,462,1100,241.07,1.92,4.56
1507,351507,796,2897,236.92,3.36,12.23
1508,351508,618,1655,163.51,3.78,10.12
1509,351509,454,1045,225.09,2.02,4.64
1510,351510,287,0,179.77,1.60,0.00
1511,351511,289,992,244.25,1.18,4.06
1512,351512,555,717,276.80,2.01,2.59
1513,351513,577,1455,201.55,2.86,7.22
1514,351514,712,2731,244.70,2.91,11.16
1515,351515,173,1206,57.55,3.01,20.95
1516,351516,253,2316,99.91,2.53,23.18
1517,351517,41,661,139.60,0.29,4.74
1518,351518,1100,312,255.00,4.31,1.22
1519,351519,38,1480,82.10,0.47,18.02
1520,351520,158,114,28.61,5.52,3.97
1521,351521,357,524,65.11,5.48,8.04
1522,351522,700,1383,103.09,6.79,13.42
1523,351523,300,559,58.19,5.16,9.60
1524,351524,249,580,54.63,4.56,10.62
1525,351525,363,580,89.29,4.07,6.50
1526,351526,290,0,59.69,4.86,0.00
1527,351527,359,455,42.10,8.53,10.81
1528,351528,692,336,107.62,6.43,3.12
1529,351529,271,0,88.75,3.05,0.00
1530,351530,431,564,49.14,8.76,11.48
1531,351531,1008,850,127.63,7.90,6.66
1532,351532,760,33,129.40,5.88,0.25
1533,351533,592,0,79.44,7.45,0.00
1534,351534,335,0,155.75,2.15,0.00
1535,351535,1365,130,384.33,3.55,0.34
1536,351536,267,244,155.08,1.72,1.57
1537,351537,845,156,174.81,4.83,0.89
1538,351538,985,0,151.09,6.52,0.00
1539,351539,286,214,88.80,3.22,2.41
1540,351540,399,800,67.93,5.88,11.78
1541,351541,644,80,147.69,4.36,0.54
1542,351542,516,189,181.38,2.84,1.04
1543,351543,133,218,122.46,1.09,1.78
1544,351544,382,499,135.70,2.81,3.68
1545,351545,1771,922,394.75,4.49,2.34
1546,351546,562,75,390.44,1.44,0.19
1547,351547,852,1574,130.00,6.56,12.11
1548,351548,224,159,133.21,1.68,1.19
1549,351549,307,9,191.28,1.61,0.05
1550,351550,620,270,402.18,1.54,0.67
1551,351551,245,305,194.21,1.26,1.57
1552,351552,97,259,207.62,0.47,1.25
1553,351553,614,1757,219.01,2.80,8.02
1554,351554,310,142,182.88,1.70,0.77
1555,351555,483,550,324.95,1.49,1.69
1556,351556,234,640,165.21,1.42,3.88
1557,351557,354,7500,429.70,0.82,17.45
1558,351558,279,43,203.24,1.37,0.21
1559,351559,230,0,178.73,1.29,0.00
1560,351560,393,2354,87.74,4.48,26.82
1561,351561,704,3961,157.21,4.48,25.19
1562,351562,681,3171,106.43,6.40,29.79
1563,351563,1189,2000,346.66,3.43,5.77
1564,351564,128,3000,190.20,0.67,15.77
1565,351565,1417,329,564.21,2.51,0.58
1566,351566,275,981,311.28,0.88,3.15
1567,351567,367,693,249.92,1.47,2.77
1568,351568,238,113,217.27,1.10,0.52
1569,351569,706,440,426.37,1.66,1.03
1570,351570,690,246,298.70,2.31,0.82
1571,351571,722,1328,344.35,2.10,3.86
1572,351572,756,293,319.13,2.37,0.92
1573,351573,730,341,335.56,2.18,1.02
1574,351574,330,51,326.85,1.01,0.16
1575,351575,266,408,261.64,1.02,1.56
1576,351576,308,115,121.22,2.54,0.95
1577,351577,24,3678,155.40,0.15,23.67
1578,351578,0,6760,184.72,0.00,36.60
1579,351579,164,350,182.80,0.90,1.91
1580,351580,184,668,150.96,1.22,4.43
1581,351581,1480,2892,170.09,8.70,17.00
1582,351582,1576,5103,227.22,6.93,22.46
1583,351583,100,2722,281.85,0.35,9.66
1584,351584,256,818,259.23,0.99,3.16
1585,351585,477,13,198.84,2.40,0.07
1586,351586,389,329,194.33,2.00,1.69
1587,351587,323,4,186.84,1.73,0.02
1588,351588,188,273,109.92,1.71,2.48
1589,351589,333,342,149.97,2.22,2.28
1590,351590,654,1140,186.77,3.50,6.10
1591,351591,711,540,304.06,2.34,1.78
1592,351592,724,161,317.39,2.28,0.51
1593,351593,372,1194,239.77,1.55,4.98
1594,351594,117,335,272.73,0.43,1.23
1595,351595,433,780,260.15,1.66,3.00
1596,351596,3576,73,476.09,7.51,0.15
1597,351597,338,2081,366.36,0.92,5.68
1598,351598,401,5148,332.43,1.21,15.49
1599,351599,469,3770,321.63,1.46,11.72
1600,351600,1161,5582,461.49,2.52,12.10
1601,351601,1595,3111,119.97,13.29,25.93
1602,351602,5148,9067,319.28,16.12,28.40
1603,351603,299,0,229.73,1.30,0.00
1604,351604,7617,14046,492.63,15.46,28.51
1605,351605,1600,145,333.38,4.80,0.44
1606,351606,1811,1828,385.14,4.70,4.75
1607,351607,921,3515,345.51,2.66,10.17
1608,351608,3308,484,779.96,4.24,0.62
1609,351609,335,916,225.56,1.48,4.06
1610,351610,177,0,274.56,0.65,0.00
1611,351611,110,0,269.77,0.41,0.00
1612,351612,166,22,214.57,0.77,0.10
1613,351613,113,21,229.52,0.49,0.09
1614,351614,128,183,235.09,0.54,0.78
1615,351615,186,61,244.63,0.76,0.25
1616,351616,969,299,343.20,2.82,0.87
1617,351617,184,0,240.48,0.77,0.00
1618,351618,177,0,239.30,0.74,0.00
1619,351619,244,0,315.63,0.77,0.00
1620,351620,110,37,154.47,0.71,0.24
1621,351621,190,0,216.46,0.88,0.00
1622,351622,385,35,334.70,1.15,0.10
1623,351623,128,0,204.63,0.63,0.00
1624,351624,111,3004,408.33,0.27,7.36
1625,351625,1087,1571,425.43,2.55,3.69
1626,351626,576,28,390.73,1.47,0.07
1627,351627,989,36,431.96,2.29,0.08
1628,351628,1062,925,312.57,3.40,2.96
1629,351629,2449,1811,729.59,3.36,2.48
1630,351630,235,87,665.42,0.35,0.13
1631,351631,3688,5532,713.59,5.17,7.75
1632,351632,5,606,97.61,0.05,6.20
1633,351633,494,256,111.51,4.43,2.29
1634,351634,1,1133,82.62,0.01,13.71
1635,351635,1208,2450,141.41,8.54,17.32
1636,351636,729,564,191.47,3.81,2.94
1637,351637,518,1149,138.50,3.74,8.29
1638,351638,574,1186,201.16,2.85,5.89
1639,351639,1084,104,217.06,4.99,0.48
1640,351640,415,770,112.66,3.68,6.83
1641,351641,576,71,131.02,4.40,0.54
1642,351642,258,167,89.79,2.87,1.85
1643,351643,766,138,148.21,5.16,0.93
1644,351644,597,696,118.87,5.02,5.86
1645,351645,796,976,74.57,10.67,13.08
1646,351646,232,529,100.05,2.32,5.29
1647,351647,397,4676,124.60,3.18,37.53
1648,351648,1524,2320,272.84,5.59,8.50
1649,351649,792,691,76.77,10.32,9.00
1650,351650,356,272,118.17,3.01,2.30
1651,351651,488,1009,170.17,2.87,5.93
1652,351652,1545,2104,284.40,5.43,7.40
1653,351653,528,1548,169.68,3.11,9.12
1654,351654,131,12,107.28,1.22,0.11
1655,351655,763,715,217.93,3.50,3.28
1656,351656,964,649,297.33,3.24,2.18
1657,351657,248,10744,135.66,1.83,79.20
1658,351658,436,5057,249.75,1.75,20.25
1659,351659,3446,85,138.86,24.81,0.61
1660,351660,779,825,220.57,3.53,3.74
1661,351661,658,875,254.59,2.59,3.43
1662,351662,1047,404,190.45,5.50,2.12
1663,351663,337,157,158.10,2.13,0.99
1664,351664,745,27,236.19,3.15,0.11
1665,351665,472,27,162.27,2.91,0.17
1666,351666,1143,674,401.34,2.85,1.68
1667,351667,896,67,312.84,2.86,0.21
1668,351668,356,142,250.94,1.42,0.57
1669,351669,306,204,100.33,3.05,2.03
1670,351670,223,180,69.41,3.22,2.60
1671,351671,480,89,147.77,3.25,0.60
1672,351672,288,233,86.20,3.34,2.70
1673,351673,1105,1558,133.81,8.26,11.65
1674,351674,1246,1403,132.81,9.38,10.56
1675,351675,1022,198,159.50,6.41,1.24
1676,351676,445,276,96.71,4.60,2.85
1677,351677,732,142,141.46,5.18,1.00
1678,351678,538,392,121.60,4.42,3.22
1679,351679,598,126,171.27,3.49,0.73
1680,351680,815,2216,173.07,4.71,12.80
1681,351681,489,193,150.35,3.25,1.29
1682,351682,498,177,150.71,3.31,1.17
1683,351683,629,817,351.90,1.79,2.32
1684,351684,617,3,217.50,2.84,0.01
1685,351685,382,455,149.49,2.56,3.05
1686,351686,686,148,246.95,2.78,0.60
1687,351687,257,197,125.72,2.05,1.57
1688,351688,1372,993,682.07,2.01,1.46
1689,351689,1657,633,667.05,2.48,0.95
1690,351690,347,199,99.86,3.48,1.99
1691,351691,435,55,69.04,6.30,0.80
1692,351692,348,60,108.33,3.21,0.56
1693,351693,620,360,129.36,4.79,2.78
1694,351694,1075,722,131.07,8.20,5.51
1695,351695,301,111,129.92,2.32,0.85
1696,351696,648,1984,218.27,2.97,9.09
1697,351697,557,349,154.46,3.61,2.26
1698,351698,347,0,113.77,3.05,0.00
1699,351699,397,1110,141.54,2.81,7.84
1700,351700,463,0,191.17,2.42,0.00
1701,351701,1351,1103,456.42,2.96,2.42
1702,351702,856,180,418.60,2.04,0.43
1703,351703,2304,6080,156.92,14.68,38.75
1704,351704,678,5308,100.64,6.74,52.75
1705,351705,1656,5469,131.35,12.60,41.64
1706,351706,411,3405,82.06,5.01,41.49
1707,351707,166,243,76.78,2.16,3.16
1708,351708,607,2102,165.38,3.67,12.71
1709,351709,1950,3933,115.47,16.88,34.06
1710,351710,373,918,69.09,5.40,13.28
1711,351711,483,706,167.28,2.89,4.22
1712,351712,805,164,80.54,10.00,2.04
1713,351713,447,676,117.62,3.80,5.75
1714,351714,671,1202,150.12,4.47,8.01
1715,351715,717,3082,331.37,2.16,9.30
1716,351716,469,56,145.38,3.23,0.39
1717,351717,442,448,164.51,2.69,2.72
1718,351718,342,1178,157.30,2.17,7.49
1719,351719,354,1216,131.76,2.69,9.23
1720,351720,1086,310,315.84,3.44,0.98
1721,351721,538,186,290.65,1.85,0.64
1722,351722,1075,503,430.38,2.50,1.17
1723,351723,731,540,313.51,2.33,1.72
1724,351724,334,0,350.39,0.95,0.00
1725,351725,196,16,117.36,1.67,0.14
1726,351726,115,1,126.01,0.91,0.00
1727,351727,1287,6799,114.43,11.25,59.41
1728,351728,112,9709,91.91,1.22,105.63
1729,351729,1631,9106,230.66,7.07,39.48
1730,351730,1198,5947,149.29,8.03,39.84
1731,351731,680,117,241.42,2.82,0.49
1732,351732,905,435,297.80,3.04,1.46
1733,351733,496,1529,178.68,2.77,8.55
1734,351734,331,746,135.08,2.45,5.52
1735,351735,661,1609,197.81,3.34,8.14
1736,351736,347,6,117.70,2.95,0.05
1737,351737,533,121,160.18,3.33,0.76
1738,351738,400,257,157.95,2.53,1.63
1739,351739,485,310,158.93,3.05,1.95
1740,351740,393,425,156.54,2.51,2.71
1741,351741,331,165,239.19,1.38,0.69
1742,351742,425,75,153.93,2.76,0.49
1743,351743,420,79,313.90,1.34,0.25
1744,351744,514,75,403.44,1.27,0.19
1745,351745,399,191,452.48,0.88,0.42
1746,351746,888,266,653.38,1.36,0.41
1747,351747,527,377,163.52,3.22,2.30
1748,351748,235,0,96.54,2.43,0.00
1749,351749,322,703,79.97,4.03,8.79
1750,351750,444,2383,223.53,1.98,10.66
1751,351751,1104,1918,326.45,3.38,5.87
1752,351752,635,690,260.05,2.44,2.65
1753,351753,895,302,319.72,2.80,0.94
1754,351754,126,2281,111.17,1.13,20.52
1755,351755,761,66,306.66,2.48,0.21
1756,351756,298,0,178.44,1.67,0.00
1757,351757,23,248,29.19,0.78,8.50
1758,351758,529,196,428.26,1.23,0.46
1759,351759,517,41,363.48,1.42,0.11
1760,351760,205,2194,236.14,0.87,9.29
1761,351761,531,1342,351.31,1.51,3.82
1762,351762,798,1125,262.65,3.04,4.28
1763,351763,750,196,397.68,1.89,0.49
1764,351764,363,2903,242.47,1.50,11.97
1765,351765,101,15,43.40,2.32,0.35
1766,351766,360,0,256.97,1.40,0.00
1767,351767,255,306,253.90,1.01,1.21
1768,351768,301,81,276.46,1.09,0.29
1769,351769,158,41,108.25,1.46,0.38
1770,351770,543,69,449.96,1.21,0.15
1771,351771,392,5523,248.66,1.58,22.21
1772,351772,869,169,322.37,2.69,0.52
1773,351773,495,1334,83.50,5.93,15.98
1774,351774,483,0,461.07,1.05,0.00
1775,351775,399,151,163.22,2.45,0.93
1776,351776,583,111,388.82,1.50,0.28
1777,351777,586,138,794.53,0.74,0.17
1778,351778,1017,257,243.83,4.17,1.05
1779,351779,594,1275,76.01,7.81,16.77
1780,351780,335,2234,121.51,2.75,18.39
1781,351781,2123,8056,992.06,2.14,8.12
1789,491789,4,0,5524.45,0.00,0.00
1790,491790,135,0,558.83,0.24,0.00
1791,491791,168,0,788.88,0.21,0.00
1792,491792,395,0,509.03,0.78,0.00
1793,491793,323,0,690.18,0.47,0.00
1794,491794,135,332,385.67,0.35,0.86
1795,491795,297,0,596.92,0.50,0.00
1796,491796,88,174,232.26,0.38,0.75
1797,491797,0,357,227.05,0.00,1.57
1798,491798,0,17,1060.96,0.00,0.02
1799,491799,0,0,604.10,0.00,0.00
1800,491800,56,0,657.78,0.08,0.00
1801,491801,0,496,226.59,0.00,2.19
1802,491802,133,538,645.60,0.21,0.83
1803,491803,6,0,612.29,0.01,0.00
1804,491804,6,277,918.69,0.01,0.30
1805,491805,23,0,207.13,0.11,0.00
1806,491806,15,0,3336.95,0.00,0.00
1807,491807,3,0,424.69,0.01,0.00
1808,491808,19,0,708.62,0.03,0.00
1809,491809,109,0,651.59,0.17,0.00
1810,491810,79,71,648.57,0.12,0.11
1811,491811,472,0,652.93,0.72,0.00
1812,491812,263,81,656.92,0.40,0.12
1813,491813,18,1883,651.37,0.03,2.89
1814,491814,47,0,253.74,0.19,0.00
1815,491815,310,325,578.96,0.53,0.56
1816,491816,81,1,369.04,0.22,0.00
1817,491817,255,8,235.91,1.08,0.03
1818,491818,47,0,1078.04,0.04,0.00
1819,491819,631,0,443.79,1.42,0.00
1820,491820,614,1,206.32,2.98,0.00
1821,491821,525,829,197.14,2.66,4.21
1822,491822,630,0,413.13,1.52,0.00
1823,491823,770,0,241.34,3.19,0.00
1824,491824,595,646,154.04,3.86,4.19
1825,491825,323,2345,167.34,1.93,14.01
1826,491826,713,178,174.50,4.09,1.02
1827,491827,528,125,168.53,3.13,0.74
1828,491828,367,522,161.10,2.27,3.24
1829,491829,418,106,155.43,2.69,0.68
1830,491830,412,0,157.51,2.61,0.00
1831,491831,398,133,212.17,1.88,0.62
1832,491832,143,0,163.13,0.87,0.00
1833,491833,472,0,273.32,1.73,0.00
1834,491834,639,0,669.17,0.95,0.00
1835,491835,548,1287,346.80,1.58,3.71
1836,491836,484,0,484.85,1.00,0.00
1837,491837,448,0,661.24,0.68,0.00
1838,491838,371,12,503.53,0.74,0.02
1839,491839,13,5,1276.16,0.01,0.00
1840,491840,318,0,602.52,0.53,0.00
1841,491841,548,98,571.31,0.96,0.17
1842,491842,189,250,275.18,0.69,0.91
1843,491843,144,115,161.42,0.89,0.71
1844,491844,163,0,165.26,0.99,0.00
1845,491845,174,43,160.84,1.08,0.27
1846,491846,133,0,166.94,0.80,0.00
1847,491847,173,115,157.04,1.10,0.73
1848,491848,139,0,166.91,0.83,0.00
1849,491849,280,206,188.91,1.48,1.09
1850,491850,109,0,92.99,1.17,0.00
1851,491851,110,1,203.77,0.54,0.01
1852,491852,378,4,784.91,0.48,0.00
1853,491853,341,216,438.00,0.78,0.49
1854,491854,893,359,1148.90,0.78,0.31
1855,491855,240,0,451.33,0.53,0.00
1856,491856,238,0,1576.89,0.15,0.00
1857,491857,186,424,153.74,1.21,2.76
1858,491858,304,0,237.79,1.28,0.00
1859,491859,63,0,1391.86,0.05,0.00
1860,491860,320,0,666.10,0.48,0.00
1861,491861,418,0,326.25,1.28,0.00
1862,491862,677,2,644.42,1.05,0.00
1863,491863,335,0,657.99,0.51,0.00
1864,491864,20,0,737.26,0.03,0.00
1865,491865,723,0,192.74,3.75,0.00
1866,491866,286,473,97.45,2.93,4.86
1867,491867,326,753,170.39,1.91,4.42
1868,491868,692,0,204.21,3.39,0.00
1869,491869,226,285,90.15,2.51,3.16
1870,491870,528,0,150.00,3.52,0.00
1871,491871,297,0,221.56,1.34,0.00
1872,491872,55,0,324.25,0.17,0.00
1873,491873,211,0,298.97,0.71,0.00
1874,491874,803,0,197.46,4.07,0.00
1875,491875,882,0,197.67,4.46,0.00
1876,491876,63,0,182.12,0.35,0.00
1877,491877,826,149,195.66,4.22,0.76
1878,491878,535,2062,166.98,3.20,12.35
1879,491879,620,36,205.47,3.02,0.17
1880,491880,210,1785,107.20,1.96,16.65
1881,491881,724,372,224.45,3.22,1.66
1882,491882,869,505,278.74,3.12,1.81
1883,491883,207,0,98.85,2.09,0.00
1884,491884,604,745,217.73,2.78,3.42
1885,491885,515,376,184.80,2.79,2.04
1886,491886,464,0,162.34,2.86,0.00
1887,491887,336,263,158.33,2.12,1.66
1888,491888,940,775,256.08,3.67,3.02
1889,491889,263,880,163.64,1.61,5.38
1890,491890,451,157,160.96,2.80,0.97
1891,491891,437,159,161.83,2.70,0.98
1892,491892,208,1573,166.48,1.25,9.45
1893,491893,814,1157,373.42,2.18,3.10
1894,491894,251,1187,159.46,1.57,7.44
1895,491895,435,0,157.59,2.76,0.00
1896,491896,0,4450,194.00,0.00,22.94
1897,491897,2,1902,86.85,0.02,21.90
1898,491898,525,406,845.40,0.62,0.48
1899,491899,903,67,496.77,1.82,0.13
1900,491900,363,0,159.57,2.28,0.00
1901,491901,370,63,129.88,2.85,0.48
1902,491902,200,182,127.97,1.56,1.42
1903,491903,973,33,378.16,2.57,0.09
1904,491904,456,26,84.62,5.39,0.30
1905,491905,288,359,185.87,1.55,1.93
1906,491906,349,342,1093.76,0.32,0.31
1907,491907,235,874,336.15,0.70,2.60
1908,491908,604,380,678.38,0.89,0.56
1909,491909,665,0,704.58,0.94,0.00
1910,491910,85,1170,137.03,0.62,8.54
1911,491911,172,912,218.29,0.79,4.18
1912,491912,539,0,654.09,0.82,0.00
1913,491913,0,0,1956.73,0.00,0.00
1914,491914,0,0,6836.33,0.00,0.00
1915,491915,3,0,2964.23,0.00,0.00
1916,491916,269,0,1876.24,0.14,0.00
1917,491917,452,0,484.23,0.93,0.00
1918,491918,801,924,361.69,2.21,2.55
1919,491919,692,718,354.28,1.95,2.03
1920,491920,1227,276,562.24,2.18,0.49
1921,491921,441,738,183.25,2.41,4.02
1922,491922,828,250,239.85,3.45,1.04
1923,491923,1038,271,300.48,3.46,0.90
1924,491924,395,17,166.45,2.37,0.10
1925,491925,490,6,153.11,3.20,0.04
1926,491926,474,110,144.79,3.27,0.76
1927,491927,1623,90,979.03,1.66,0.09
1928,491928,567,86,223.40,2.54,0.39
1929,491929,492,22,242.17,2.03,0.09
1930,491930,1078,12,346.86,3.11,0.03
1931,491931,1025,182,495.86,2.07,0.37
1932,491932,926,512,228.58,4.05,2.24
1933,491933,473,837,237.76,1.99,3.52
1934,491934,728,3,284.06,2.56,0.01
1935,491935,756,0,385.93,1.96,0.00
1936,491936,414,0,315.83,1.31,0.00
1937,491937,711,0,293.11,2.42,0.00
1938,491938,465,251,238.70,1.95,1.05
1939,491939,325,157,279.36,1.16,0.56
1940,491940,384,466,159.86,2.40,2.92
1941,491941,599,0,207.07,2.89,0.00
1942,491942,773,1,446.69,1.73,0.00
1943,491943,1169,0,384.58,3.04,0.00
1944,491944,793,517,425.11,1.87,1.22
1945,491945,563,0,164.19,3.43,0.00
1946,491946,936,470,318.68,2.94,1.47
1947,491947,517,0,158.37,3.26,0.00
1948,491948,1879,0,330.52,5.69,0.00
1949,491949,497,0,143.76,3.46,0.00
1950,491950,629,1136,159.85,3.94,7.10
1951,491951,928,0,167.11,5.55,0.00
1952,491952,476,261,146.98,3.24,1.77
1953,491953,639,370,261.23,2.44,1.42
1954,491954,196,0,80.54,2.43,0.00
1955,491955,416,0,166.39,2.50,0.00
1956,491956,609,0,163.19,3.73,0.00
1957,491957,535,0,166.77,3.21,0.00
1958,491958,906,0,161.27,5.61,0.00
1959,491959,592,0,168.20,3.52,0.00
1960,491960,732,677,165.17,4.43,4.10
1961,491961,928,464,173.21,5.36,2.68
1962,491962,467,0,200.10,2.33,0.00
1963,491963,1150,505,230.32,4.99,2.19
1964,491964,0,1394,90.76,0.00,15.36
1965,491965,788,1838,201.58,3.91,9.12
1966,491966,441,1320,108.90,4.05,12.12
1967,491967,0,2052,89.16,0.00,23.01
1968,491968,101,614,70.43,1.44,8.71
1969,491969,7,1568,164.81,0.04,9.51
1970,491970,317,368,166.08,1.91,2.22
1971,491971,216,904,112.63,1.92,8.03
1972,491972,398,509,135.91,2.93,3.75
1973,491973,445,722,178.64,2.49,4.04
1974,491974,651,0,224.71,2.90,0.00
1975,491975,941,0,307.20,3.06,0.00
1976,491976,1013,746,303.26,3.34,2.46
1977,491977,484,31,116.36,4.16,0.26
1978,491978,313,0,120.42,2.60,0.00
1979,491979,465,33,231.02,2.01,0.14
1980,491980,28,1386,79.63,0.35,17.41
1981,491981,729,422,275.17,2.65,1.53
1982,491982,774,1509,343.55,2.25,4.39
1983,491983,515,774,151.42,3.40,5.11
1984,491984,918,1488,126.21,7.27,11.79
1985,491985,0,1605,79.23,0.00,20.26
1986,491986,341,1988,156.24,2.18,12.73
1987,491987,148,1686,105.80,1.40,15.94
1988,491988,0,2193,110.65,0.00,19.82
1989,491989,0,2428,197.39,0.00,12.30
1990,491990,156,3655,293.40,0.53,12.46
1991,491991,1753,2136,776.84,2.26,2.75
1992,491992,283,1419,152.77,1.85,9.29
1993,491993,45,1178,122.27,0.37,9.64
1994,491994,1,1771,81.85,0.01,21.64
1995,491995,283,366,78.97,3.59,4.63
1996,491996,940,102,259.74,3.62,0.39
1997,491997,1111,915,362.08,3.07,2.53
1998,491998,307,59,188.52,1.63,0.31
1999,491999,251,495,188.17,1.33,2.63
2000,492000,136,1283,145.41,0.93,8.82
2001,492001,323,649,335.97,0.96,1.93
2002,492002,559,1077,121.31,4.61,8.88
2003,492003,424,460,157.13,2.70,2.93
2004,492004,932,0,264.18,3.53,0.00
2005,492005,593,2102,217.41,2.73,9.67
2006,492006,567,613,156.21,3.63,3.93
2007,492007,1381,1518,251.68,5.49,6.03
2008,492008,471,928,127.39,3.70,7.29
2009,492009,864,640,166.57,5.19,3.84
2010,492010,273,1553,215.59,1.27,7.20
2011,492011,525,0,341.27,1.54,0.00
2012,492012,0,241,861.20,0.00,0.28
2013,492013,1210,0,278.14,4.35,0.00
2014,492014,334,0,165.04,2.03,0.00
2015,492015,200,0,241.27,0.83,0.00
2016,492016,330,178,184.00,1.79,0.97
2017,492017,362,0,164.94,2.19,0.00
2018,492018,477,304,215.21,2.21,1.41
2019,492019,490,337,243.55,2.01,1.38
2020,492020,530,0,251.23,2.11,0.00
2021,492021,4,3091,270.56,0.01,11.43
2022,492022,0,220,241.75,0.00,0.91
2023,492023,155,69,91.08,1.70,0.76
2024,492024,54,142,81.35,0.66,1.75
2025,492025,557,0,168.91,3.30,0.00
2026,492026,608,36,170.31,3.57,0.21
2027,492027,545,1425,195.32,2.79,7.30
2028,492028,649,68,367.55,1.77,0.18
2029,492029,267,182,173.60,1.54,1.05
2030,492030,258,41,159.39,1.62,0.25
2031,492031,301,149,122.87,2.45,1.21
2032,492032,705,221,193.41,3.65,1.14
2033,492033,0,1193,83.12,0.00,14.36
2034,492034,357,391,167.99,2.13,2.33
2035,492035,38,820,40.03,0.95,20.47
2036,492036,283,355,91.48,3.09,3.88
2037,492037,303,245,85.20,3.55,2.87
2038,492038,200,655,118.91,1.68,5.51
2039,492039,313,466,102.81,3.04,4.54
2040,492040,282,1262,90.42,3.12,13.95
2041,492041,336,925,163.17,2.06,5.67
2042,492042,403,5,113.95,3.54,0.04
2043,492043,351,168,99.79,3.52,1.68
2044,492044,570,3,85.85,6.64,0.04
2045,492045,217,145,87.18,2.49,1.67
2046,492046,189,23,111.47,1.70,0.20
2047,492047,272,20,171.93,1.58,0.11
2048,492048,304,6,171.23,1.78,0.04
2049,492049,535,50,373.00,1.43,0.13
2050,492050,594,243,267.22,2.22,0.91
2051,492051,220,0,125.04,1.76,0.00
2052,492052,385,0,168.96,2.28,0.00
2053,492053,226,0,205.50,1.10,0.00
2054,492054,361,965,259.56,1.39,3.72
2055,492055,301,0,132.45,2.27,0.00
2056,492056,235,99,148.05,1.59,0.67
2057,492057,394,2257,220.45,1.79,10.24
2058,492058,421,55,141.30,2.98,0.39
2059,492059,278,0,160.21,1.73,0.00
2060,492060,267,100,144.63,1.84,0.69
2061,492061,295,60,163.50,1.81,0.37
2062,492062,478,0,316.11,1.51,0.00
2063,492063,371,0,151.03,2.45,0.00
2064,492064,360,0,203.98,1.76,0.00
2065,492065,240,0,167.43,1.43,0.00
2066,492066,538,0,235.31,2.29,0.00
2067,492067,346,672,168.51,2.05,3.99
2068,492068,315,24,160.22,1.96,0.15
2069,492069,294,0,154.02,1.91,0.00
2070,492070,300,0,193.27,1.55,0.00
2071,492071,128,1,160.94,0.80,0.01
2072,492072,414,156,206.49,2.01,0.75
2073,492073,291,150,111.79,2.60,1.34
2074,492074,116,1379,164.19,0.70,8.40
2075,492075,155,397,81.13,1.91,4.89
2076,492076,271,351,86.32,3.14,4.07
2077,492077,356,134,112.75,3.15,1.18
2078,492078,168,21,90.36,1.85,0.23
2079,492079,0,4127,368.15,0.00,11.21
2080,492080,90,1205,186.60,0.48,6.46
2081,492081,133,563,109.67,1.21,5.14
2082,492082,613,0,103.32,5.93,0.00
2083,492083,81,2125,492.80,0.16,4.31
2084,492084,331,0,147.40,2.25,0.00
2085,492085,0,1620,122.97,0.00,13.17
2086,492086,665,0,77.98,8.53,0.00
2087,492087,0,2200,88.51,0.00,24.85
2088,492088,4,1341,59.02,0.06,22.72
2089,492089,0,752,71.41,0.00,10.52
2090,492090,0,1511,95.35,0.00,15.84
2091,492091,0,655,69.56,0.00,9.41
2092,492092,233,1406,114.74,2.03,12.25
2093,492093,0,934,31.15,0.00,29.98
2094,492094,427,32,125.78,3.39,0.25
2095,492095,0,1392,52.56,0.00,26.48
2096,492096,0,3388,118.71,0.00,28.54
2097,492097,0,972,27.18,0.00,35.77
2098,492098,0,3958,64.38,0.00,61.48
2099,492099,0,2033,33.22,0.00,61.18
2100,492100,0,1429,22.27,0.00,64.14
2101,492101,165,99,310.73,0.53,0.32
2102,492102,0,567,29.37,0.00,19.32
2103,492103,374,1780,93.15,4.01,19.11
2104,492104,766,1193,181.52,4.22,6.57
2105,492105,50,1648,219.67,0.23,7.50
2106,492106,265,3142,101.88,2.60,30.84
2107,492107,132,1421,76.02,1.73,18.69
2108,492108,806,1258,167.00,4.83,7.53
2109,492109,126,10,70.17,1.79,0.15
2110,492110,303,526,101.93,2.98,5.16
2111,492111,782,0,95.69,8.18,0.00
2112,492112,0,4281,137.04,0.00,31.24
2113,492113,0,2426,110.32,0.00,21.99
2114,492114,517,79,333.06,1.55,0.24
2115,492115,319,137,102.61,3.11,1.34
2116,492116,0,2837,195.42,0.00,14.52
2117,492117,1622,3,492.80,3.29,0.01
2118,492118,1570,1078,279.98,5.61,3.85
2119,492119,1060,0,1518.04,0.70,0.00
2120,492120,545,1,731.58,0.75,0.00
2121,492121,483,0,551.73,0.88,0.00
2122,492122,440,10,529.02,0.83,0.02
2123,492123,651,432,596.04,1.09,0.73
2124,492124,123,0,186.93,0.66,0.00
2125,492125,318,1286,339.48,0.94,3.79
2126,492126,194,359,130.56,1.48,2.75
2127,492127,432,829,382.78,1.13,2.16
2128,492128,403,0,990.16,0.41,0.00
2129,492129,511,327,292.82,1.74,1.12
2130,492130,244,0,304.42,0.80,0.00
2131,492131,220,508,108.73,2.02,4.67
2132,492132,377,75,202.99,1.85,0.37
2133,492133,455,42,458.15,0.99,0.09
2134,492134,249,0,175.66,1.42,0.00
2135,492135,310,0,246.94,1.26,0.00
2136,492136,247,102,195.84,1.26,0.52
2137,492137,317,0,201.69,1.57,0.00
2138,492138,217,28,141.45,1.53,0.19
2139,492139,371,0,313.89,1.18,0.00
2140,492140,311,74,244.03,1.27,0.30
2141,492141,344,96,243.51,1.41,0.39
2142,492142,437,849,169.78,2.57,5.00
2143,492143,263,340,263.72,1.00,1.29
2144,492144,422,151,297.99,1.42,0.51
2145,492145,390,0,344.13,1.13,0.00
2146,492146,418,98,306.47,1.37,0.32
2147,492147,260,0,267.07,0.97,0.00
2148,492148,205,0,161.04,1.27,0.00
2149,492149,488,0,294.81,1.65,0.00
2150,492150,365,247,194.89,1.87,1.27
2151,492151,630,46,258.96,2.43,0.18
2152,492152,295,0,114.53,2.58,0.00
2153,492153,361,0,167.86,2.15,0.00
2154,492154,411,0,303.01,1.36,0.00
2155,492155,242,0,308.07,0.79,0.00
2156,492156,329,44,195.44,1.68,0.22
2157,492157,240,698,116.22,2.06,6.00
2158,492158,457,0,217.37,2.10,0.00
2159,492159,354,66,135.92,2.60,0.49
2160,492160,486,510,195.34,2.49,2.61
2161,492161,607,1074,281.91,2.15,3.81
2162,492162,408,82,249.91,1.63,0.33
2163,492163,457,0,402.37,1.14,0.00
2164,492164,280,1291,418.77,0.67,3.08
2165,492165,755,276,391.06,1.93,0.71
2166,492166,558,142,409.81,1.36,0.35
2167,492167,570,369,183.97,3.10,2.01
2168,492168,548,1010,240.42,2.28,4.20
2169,492169,621,96,195.34,3.18,0.49
2170,492170,724,285,328.33,2.20,0.87
2171,492171,3,3608,196.54,0.01,18.36
2172,492172,118,2783,152.57,0.77,18.24
2173,492173,522,1444,133.70,3.91,10.80
2174,492174,466,233,96.06,4.85,2.42
2175,492175,308,396,99.65,3.09,3.97
2176,492176,790,294,273.18,2.89,1.07
2177,492177,13,1253,43.38,0.29,28.88
2178,492178,183,1302,74.83,2.44,17.40
2179,492179,495,1283,147.87,3.35,8.68
2180,492180,142,423,63.58,2.23,6.65
2181,492181,551,233,150.77,3.66,1.54
2182,492182,140,545,39.77,3.53,13.70
2183,492183,699,1486,238.82,2.93,6.22
2184,492184,506,5490,213.76,2.37,25.68
2185,492185,343,587,82.79,4.15,7.09
2186,492186,328,7546,181.22,1.81,41.64
2187,492187,1021,739,125.29,8.15,5.90
2188,492188,0,2109,81.17,0.00,25.98
2189,492189,212,909,66.94,3.16,13.57
2190,492190,464,1056,184.13,2.52,5.74
2191,492191,1413,0,228.89,6.17,0.00
2192,492192,1314,26,205.00,6.41,0.13
2193,492193,713,24,298.04,2.39,0.08
2194,492194,329,0,470.94,0.70,0.00
2195,492195,351,107,189.79,1.85,0.56
2196,492196,354,245,281.76,1.26,0.87
2197,492197,0,1385,111.57,0.00,12.42
2198,492198,0,890,55.73,0.00,15.98
2199,492199,237,27,240.78,0.98,0.11
2200,492200,66,96,145.40,0.46,0.66
2201,492201,0,4119,254.71,0.00,16.17
2202,492202,118,232,366.35,0.32,0.63
2203,492203,0,323,261.34,0.00,1.24
2204,492204,361,14,202.43,1.78,0.07
2205,492205,305,0,203.17,1.50,0.00
2206,492206,260,0,196.30,1.32,0.00
2207,492207,151,2864,171.19,0.88,16.73
2208,492208,370,0,170.50,2.17,0.00
2209,492209,330,73,169.17,1.95,0.43
2210,492210,570,47,285.33,2.00,0.16
2211,492211,665,1045,149.64,4.45,6.98
2212,492212,522,633,201.03,2.60,3.15
2213,492213,630,609,260.15,2.42,2.34
2214,492214,510,278,214.63,2.38,1.30
2215,492215,564,0,264.01,2.14,0.00
2216,492216,462,135,152.54,3.03,0.89
2217,492217,636,0,233.17,2.73,0.00
2218,492218,739,0,314.39,2.35,0.00
2219,492219,53,574,39.91,1.32,14.39
2220,492220,231,2209,71.19,3.25,31.03
2221,492221,731,520,195.51,3.74,2.66
2222,492222,637,279,305.35,2.09,0.91
2223,492223,705,0,264.96,2.66,0.00
2224,492224,153,1150,120.72,1.27,9.53
2225,492225,485,41,313.82,1.54,0.13
2226,492226,455,0,219.29,2.07,0.00
2227,492227,44,587,71.79,0.61,8.17
2228,492228,278,605,248.11,1.12,2.44
2229,492229,349,182,277.52,1.26,0.65
2230,492230,515,0,347.11,1.48,0.00
2231,492231,1487,353,129.20,11.51,2.73
2232,492232,981,832,95.28,10.30,8.73
2233,492233,244,549,56.79,4.29,9.66
2234,492234,880,684,119.18,7.38,5.74
2235,492235,4,858,60.71,0.06,14.14
2236,492236,1158,3325,107.24,10.79,31.00
2237,492237,1,1154,105.63,0.01,10.92
2238,492238,188,485,48.70,3.86,9.95
2239,492239,0,1541,181.26,0.00,8.50
2240,492240,23,1926,91.33,0.26,21.09
2241,492241,0,2269,108.13,0.00,20.98
2242,492242,495,1750,172.24,2.87,10.16
2243,492243,97,2421,164.59,0.59,14.71
2244,492244,0,2525,291.38,0.00,8.66
2245,492245,0,2501,302.32,0.00,8.27
2246,492246,363,2921,408.11,0.89,7.16
2247,492247,193,1311,213.65,0.90,6.14
2248,492248,280,484,227.15,1.23,2.13
2249,492249,325,1235,174.80,1.86,7.07
2250,492250,29,4210,200.12,0.15,21.04
2251,492251,1,2879,397.72,0.00,7.24
2252,492252,344,14,95.31,3.61,0.14
2253,492253,35,987,102.23,0.35,9.66
2254,492254,3356,0,103.06,32.56,0.00
2255,492255,2569,126,81.20,31.64,1.55
2256,492256,0,2733,218.52,0.00,12.51
2257,492257,0,2550,122.47,0.00,20.82
2258,492258,732,883,147.80,4.95,5.98
2259,492259,0,1932,159.79,0.00,12.09
2260,492260,0,2214,122.84,0.00,18.03
2261,492261,0,1505,157.63,0.00,9.54
2262,492262,852,0,124.19,6.86,0.00
2263,492263,583,0,107.93,5.40,0.00
2264,492264,0,1605,107.56,0.00,14.92
2265,492265,365,1691,103.41,3.53,16.35
2266,492266,2,2183,140.84,0.01,15.50
2267,492267,356,0,130.44,2.73,0.00
2268,492268,679,0,210.57,3.23,0.00
2269,492269,1105,0,54.30,20.34,0.00
2270,492270,463,544,60.96,7.59,8.93
2271,492271,1,1330,141.84,0.01,9.37
2272,492272,340,0,144.94,2.35,0.00
2273,492273,210,33,133.89,1.57,0.24
2274,492274,351,40,162.17,2.16,0.25
2275,492275,474,79,30.04,15.77,2.62
2276,492276,1,1839,146.13,0.01,12.59
2277,492277,266,12,156.34,1.70,0.07
2278,492278,1172,461,409.57,2.86,1.13
2279,492279,240,842,142.16,1.69,5.92
2280,492280,460,376,140.40,3.28,2.68
2281,492281,5,4586,226.09,0.02,20.28
2282,492282,801,0,127.29,6.29,0.00
2283,492283,304,181,306.35,0.99,0.59
2284,492284,434,214,178.34,2.43,1.20
2285,492285,334,113,162.82,2.05,0.70
2286,492286,368,449,80.47,4.57,5.58
2287,492287,354,1766,53.42,6.62,33.06
2288,492288,553,133,162.17,3.41,0.82
2289,492289,439,817,151.24,2.90,5.40
2290,492290,1039,1614,181.17,5.73,8.91
2291,492291,1004,4132,200.51,5.01,20.61
2292,492292,798,708,187.42,4.26,3.78
2293,492293,658,228,169.54,3.88,1.35
2294,492294,1339,1445,95.48,14.02,15.13
2295,492295,1006,664,184.12,5.46,3.60
2296,492296,430,1533,161.69,2.66,9.48
2297,492297,1219,2714,149.11,8.18,18.20
2298,492298,549,791,81.67,6.72,9.68
2299,492299,759,72,236.21,3.21,0.30
2300,492300,745,0,230.89,3.23,0.00
2301,492301,272,12,190.44,1.43,0.06
2302,492302,498,564,171.80,2.90,3.28
2303,492303,305,218,149.47,2.04,1.46
2304,492304,117,3633,176.75,0.66,20.55
2305,492305,1369,1156,123.94,11.04,9.32
2306,492306,742,24,164.40,4.51,0.15
2307,492307,443,230,163.96,2.70,1.40
2308,492308,642,577,377.16,1.70,1.53
2309,492309,1021,638,70.20,14.54,9.09
2310,492310,1001,461,164.11,6.10,2.81
2311,492311,652,584,163.86,3.98,3.56
2312,492312,454,493,162.22,2.80,3.04
2313,492313,85,427,79.36,1.06,5.38
2314,492314,444,884,57.12,7.77,15.47
2315,492315,439,116,124.89,3.52,0.93
2316,492316,556,0,167.25,3.33,0.00
2317,492317,470,88,182.60,2.57,0.48
2318,492318,752,609,182.13,4.13,3.34
2319,492319,256,851,160.27,1.60,5.31
2320,492320,591,913,155.19,3.81,5.88
2321,492321,1213,1238,44.99,26.96,27.51
2322,492322,634,205,183.00,3.46,1.12
2323,492323,504,0,162.85,3.09,0.00
2324,492324,506,57,166.43,3.04,0.34
2325,492325,478,888,90.09,5.31,9.85
2326,492326,820,5708,317.36,2.58,17.99
2327,492327,455,202,160.32,2.83,1.26
2328,492328,685,165,96.86,7.08,1.70
2329,492329,496,1202,42.98,11.54,27.96
2330,492330,0,910,37.46,0.00,24.29
2331,492331,252,856,39.33,6.42,21.76
2332,492332,513,2125,129.60,3.96,16.39
2333,492333,467,231,162.99,2.87,1.42
2334,492334,387,19,129.55,2.99,0.15
2335,492335,714,813,76.33,9.35,10.65
2336,492336,459,192,160.96,2.85,1.19
2337,492337,294,0,137.46,2.14,0.00
2338,492338,1830,1541,127.91,14.31,12.05
2339,492339,545,5080,91.81,5.93,55.33
2340,492340,409,1418,298.41,1.37,4.75
2341,492341,472,1336,142.23,3.32,9.39
2342,492342,203,483,29.47,6.89,16.38
2343,492343,21,565,26.79,0.79,21.07
2344,492344,15,1842,52.56,0.28,35.05
2345,492345,582,303,255.47,2.28,1.19
2346,492346,460,0,157.37,2.93,0.00
2347,492347,1027,148,99.56,10.32,1.49
2348,492348,381,61,131.25,2.91,0.46
2349,492349,694,680,121.50,5.71,5.59
2350,492350,386,1292,86.59,4.45,14.92
2351,492351,590,595,95.87,6.15,6.21
2352,492352,1,3156,106.07,0.01,29.75
2353,492353,65,640,53.16,1.21,12.04
2354,492354,2,3032,84.98,0.02,35.68
2355,492355,135,1261,52.09,2.59,24.21
2356,492356,871,114,267.98,3.25,0.43
2357,492357,437,137,262.50,1.66,0.52
2358,492358,115,461,90.05,1.28,5.12
2359,492359,596,826,253.93,2.35,3.25
2360,492360,443,23,64.62,6.85,0.36
2361,492361,531,187,215.97,2.46,0.87
2362,492362,524,0,209.41,2.50,0.00
2363,492363,490,923,331.57,1.48,2.78
2364,492364,126,1364,67.09,1.87,20.33
2365,492365,684,673,228.13,3.00,2.95
2366,492366,756,281,352.66,2.14,0.80
2367,492367,409,1286,156.75,2.61,8.20
2368,492368,596,147,304.32,1.96,0.48
2369,492369,553,1127,91.25,6.06,12.35
2370,492370,677,767,92.04,7.35,8.33
2371,492371,374,129,96.96,3.86,1.33
2372,492372,521,798,66.86,7.79,11.94
2373,492373,207,668,53.63,3.85,12.46
2374,492374,513,593,55.19,9.30,10.75
2375,492375,106,1507,60.96,1.74,24.72
2376,492376,195,1443,87.76,2.22,16.45
2377,492377,623,1138,46.35,13.45,24.55
2378,492378,224,131,77.74,2.88,1.68
2379,492379,443,263,165.23,2.68,1.59
2380,492380,826,0,124.58,6.63,0.00
2381,492381,501,0,184.97,2.71,0.00
2382,492382,172,633,29.91,5.75,21.16
2383,492383,203,518,36.25,5.60,14.29
2384,492384,24,15940,337.87,0.07,47.18
2385,492385,662,35,215.47,3.07,0.16
2386,492386,429,0,144.54,2.97,0.00
2387,492387,929,161,64.03,14.50,2.51
2388,492388,1102,148,53.88,20.45,2.75
2389,492389,682,175,36.32,18.79,4.82
2390,492390,483,130,75.11,6.43,1.73
2391,492391,553,0,113.40,4.87,0.00
2392,492392,899,323,64.36,13.96,5.01
2393,492393,542,0,47.40,11.43,0.00
2394,492394,361,71,31.13,11.58,2.26
2395,492395,443,322,66.52,6.66,4.84
2396,492396,309,1186,22.32,13.86,53.12
2397,492397,215,47,21.79,9.87,2.14
2398,492398,120,143,32.35,3.70,4.41
2399,492399,148,0,29.88,4.95,0.00
2400,492400,0,2048,178.08,0.00,11.50
2401,492401,393,154,163.01,2.41,0.94
2402,492402,400,267,147.71,2.71,1.81
2403,492403,769,299,246.22,3.12,1.21
2404,492404,366,11,136.83,2.67,0.08
2405,492405,541,439,142.46,3.80,3.08
2406,492406,280,2765,66.73,4.19,41.43
2407,492407,81,5215,78.53,1.03,66.41
2408,492408,451,325,50.32,8.96,6.46
2409,492409,148,2026,132.59,1.11,15.28
2410,492410,418,0,87.38,4.78,0.00
2411,492411,355,479,50.39,7.05,9.50
2412,492412,113,871,48.24,2.34,18.06
2413,492413,615,374,32.08,19.16,11.65
2414,492414,0,248,74.55,0.00,3.33
2415,492415,668,262,157.02,4.25,1.67
2416,492416,295,288,64.71,4.55,4.45
2417,492417,772,274,48.56,15.90,5.64
2418,492418,573,920,32.63,17.56,28.19
2419,492419,374,381,44.25,8.45,8.60
2420,492420,556,2423,33.26,16.71,72.84
2421,492421,191,1227,22.40,8.52,54.78
2422,492422,1222,136,243.60,5.01,0.56
2423,492423,739,128,307.71,2.40,0.42
2424,492424,171,0,428.29,0.40,0.00
2425,492425,585,0,217.31,2.69,0.00
2426,492426,605,69,201.71,3.00,0.34
2427,492427,235,0,84.31,2.79,0.00
2428,492428,628,0,169.61,3.70,0.00
2429,492429,166,0,40.69,4.08,0.00
2430,492430,281,45,207.87,1.35,0.22
2431,492431,613,73,183.29,3.35,0.40
2432,492432,277,183,79.13,3.50,2.32
2433,492433,3,3678,303.05,0.01,12.14
2434,492434,229,961,190.54,1.20,5.04
2435,492435,521,60,149.03,3.49,0.40
2436,492436,528,98,142.16,3.71,0.69
2437,492437,322,182,120.95,2.66,1.50
2438,492438,5,554,783.12,0.01,0.71
2439,492439,81,1331,285.55,0.28,4.66
2440,492440,692,0,149.99,4.61,0.00
2441,492441,647,155,179.58,3.60,0.86
2442,492442,510,46,164.00,3.11,0.28
2443,492443,195,194,71.37,2.73,2.72
2444,492444,644,0,162.40,3.97,0.00
2445,492445,768,42,253.19,3.03,0.16
2446,492446,174,0,117.15,1.48,0.00
2447,492447,322,488,96.93,3.32,5.03
2448,492448,343,52,65.80,5.21,0.79
2449,492449,481,1096,49.45,9.73,22.15
2450,492450,628,2618,33.25,18.88,78.73
2451,492451,235,190,63.93,3.67,2.98
2452,492452,499,349,48.34,10.31,7.22
2453,492453,753,741,34.56,21.79,21.44
2454,492454,858,0,74.50,11.52,0.00
2455,492455,528,241,48.16,10.96,4.99
2456,492456,829,402,31.54,26.28,12.75
2457,492457,338,37,55.79,6.05,0.66
2458,492458,64,1090,62.24,1.02,17.51
2459,492459,2,2901,63.19,0.03,45.90
2460,492460,209,1444,33.13,6.30,43.58
2461,492461,242,471,32.46,7.45,14.51
2462,492462,301,177,48.39,6.22,3.66
2463,492463,412,5,71.87,5.73,0.07
2464,492464,652,266,66.48,9.80,4.00
2465,492465,284,298,60.25,4.72,4.95
2466,492466,314,729,22.01,14.27,33.12
2467,492467,481,351,129.08,3.73,2.72
2468,492468,280,0,93.77,2.98,0.00
2469,492469,54,828,51.08,1.05,16.20
2470,492470,415,251,148.69,2.79,1.69
2471,492471,0,3479,109.16,0.00,31.87
2472,492472,0,1383,204.07,0.00,6.77
2473,492473,0,59,157.77,0.00,0.38
2474,492474,454,478,115.17,3.94,4.15
2475,492475,671,613,132.76,5.05,4.62
2476,492476,479,0,71.24,6.72,0.00
2477,492477,241,267,92.31,2.61,2.89
2478,492478,0,5671,95.75,0.00,59.23
2479,492479,0,905,238.35,0.00,3.79
2480,492480,0,429,223.29,0.00,1.92
2481,492481,52,972,123.23,0.42,7.89
2482,492482,532,462,212.70,2.50,2.17
2483,492483,0,1312,355.64,0.00,3.69
2484,492484,0,2532,198.71,0.00,12.74
2485,492485,0,1126,190.52,0.00,5.91
2486,492486,1,1470,185.34,0.01,7.93
2487,492487,0,537,95.34,0.00,5.64
2488,492488,0,2185,197.49,0.00,11.06
2489,492489,0,1569,155.54,0.00,10.09
2490,492490,147,263,163.53,0.90,1.61
2491,492491,0,194,120.51,0.00,1.61
2492,492492,1,1231,163.93,0.00,7.51
2493,492493,354,55,172.52,2.05,0.32
2494,492494,437,22,162.67,2.68,0.13
2495,492495,0,2308,122.25,0.00,18.88
2496,492496,457,635,124.52,3.67,5.10
2497,492497,414,326,129.62,3.19,2.51
2498,492498,166,713,107.00,1.55,6.66
2499,492499,267,623,121.66,2.19,5.12
2500,492500,263,333,92.04,2.86,3.62
2501,492501,631,0,225.77,2.79,0.00
2502,492502,544,424,107.92,5.04,3.92
2503,492503,423,962,127.87,3.31,7.52
2504,492504,301,220,95.68,3.15,2.30
2505,492505,416,195,95.11,4.37,2.05
2506,492506,689,38,125.12,5.51,0.30
2507,492507,375,0,118.53,3.17,0.00
2508,492508,359,804,95.64,3.76,8.41
2509,492509,400,559,95.51,4.18,5.85
2510,492510,426,547,92.81,4.59,5.89
2511,492511,521,31,122.69,4.25,0.26
2512,492512,394,14,185.75,2.12,0.08
2513,492513,238,2640,163.38,1.45,16.16
2514,492514,974,484,160.93,6.05,3.01
2515,492515,417,187,174.55,2.39,1.07
2516,492516,517,1293,199.22,2.59,6.49
2517,492517,326,0,119.17,2.74,0.00
2518,492518,504,171,224.30,2.25,0.76
2519,492519,486,302,258.08,1.88,1.17
2520,492520,177,62,130.74,1.35,0.47
2521,492521,10,1375,241.18,0.04,5.70
2522,492522,129,180,228.66,0.56,0.79
2523,492523,17,259,172.40,0.10,1.50
2524,492524,322,34,159.06,2.02,0.22
2525,492525,189,272,71.91,2.63,3.78
2526,492526,339,838,98.79,3.43,8.48
2527,492527,479,33,98.95,4.84,0.33
2528,492528,277,175,171.30,1.61,1.02
2529,492529,370,4,164.06,2.26,0.02
2530,492530,312,0,211.20,1.48,0.00
2531,492531,280,10,68.55,4.09,0.14
2532,492532,311,23,85.68,3.62,0.26
2533,492533,472,0,165.48,2.85,0.00
2534,492534,250,0,109.03,2.30,0.00
2535,492535,462,0,243.29,1.90,0.00
2536,492536,261,0,74.09,3.52,0.00
2537,492537,262,36,165.73,1.58,0.22
2538,492538,233,0,159.01,1.47,0.00
2539,492539,336,70,375.24,0.89,0.19
2540,492540,164,125,98.03,1.67,1.27
2541,492541,761,160,266.57,2.86,0.60
2542,492542,238,435,254.55,0.93,1.71
2543,492543,198,265,242.70,0.81,1.09
2544,492544,308,156,226.52,1.36,0.69
2545,492545,310,0,560.17,0.55,0.00
2546,492546,519,0,217.80,2.38,0.00
2547,492547,125,320,107.43,1.17,2.98
2548,492548,514,370,181.58,2.83,2.04
2549,492549,432,298,645.52,0.67,0.46
2550,492550,296,50,805.49,0.37,0.06
2551,492551,34,93,110.59,0.30,0.84
2552,492552,409,719,635.39,0.64,1.13
2553,492553,275,0,571.87,0.48,0.00
2554,492554,751,651,373.73,2.01,1.74
2555,492555,1404,0,665.14,2.11,0.00
2556,492556,1,1617,171.07,0.01,9.45
2557,492557,229,140,275.78,0.83,0.51
2558,492558,118,0,51.58,2.29,0.00
2559,492559,0,1845,106.38,0.00,17.34
2560,492560,0,2349,82.44,0.00,28.50
2561,492561,637,1096,169.65,3.75,6.46
2562,492562,568,786,137.35,4.14,5.72
2563,492563,352,0,146.29,2.40,0.00
2564,492564,415,11,195.33,2.12,0.06
2565,492565,283,166,177.85,1.59,0.93
2566,492566,488,162,213.77,2.28,0.76
2567,492567,229,64,145.43,1.58,0.44
2568,492568,300,0,140.20,2.14,0.00
2569,492569,493,35,171.50,2.88,0.21
2570,492570,346,965,220.83,1.57,4.37
2571,492571,234,1132,187.19,1.25,6.05
2572,492572,541,2,144.62,3.74,0.01
2573,492573,13,1423,269.32,0.05,5.28
2574,492574,620,28,433.93,1.43,0.06
2575,492575,443,52,300.53,1.47,0.17
2576,492576,600,0,152.44,3.93,0.00
2577,492577,334,217,76.29,4.38,2.84
2578,492578,403,0,114.94,3.51,0.00
2579,492579,267,20,109.47,2.44,0.18
2580,492580,743,258,223.95,3.32,1.15
2581,492581,299,552,118.65,2.52,4.65
2582,492582,631,0,150.58,4.19,0.00
2583,492583,467,78,129.77,3.60,0.60
2584,492584,504,149,184.86,2.72,0.80
2585,492585,577,0,207.04,2.79,0.00
2586,492586,766,0,381.78,2.01,0.00
2587,492587,367,511,125.93,2.91,4.06
2588,492588,649,384,134.22,4.83,2.86
2589,492589,632,149,396.81,1.59,0.37
2590,492590,639,403,382.11,1.67,1.05
2591,492591,422,0,251.24,1.68,0.00
2592,492592,0,2905,86.53,0.00,33.57
2593,492593,91,624,43.52,2.09,14.35
2594,492594,45,583,38.84,1.16,15.00
2595,492595,323,414,84.64,3.81,4.89
2596,492596,393,141,85.54,4.60,1.65
2597,492597,218,287,40.88,5.34,7.03
2598,492598,325,660,85.57,3.80,7.71
2599,492599,301,39,84.85,3.55,0.46
2600,492600,323,111,85.52,3.78,1.29
2601,492601,204,228,65.41,3.11,3.49
2602,492602,239,89,70.02,3.41,1.27
2603,492603,302,23,90.16,3.35,0.26
2604,492604,339,175,171.99,1.97,1.02
2605,492605,215,0,74.64,2.88,0.00
2606,492606,295,0,101.23,2.91,0.00
2607,492607,166,49,67.22,2.46,0.72
2608,492608,278,883,103.82,2.67,8.50
2609,492609,518,506,139.65,3.71,3.62
2610,492610,84,288,69.71,1.21,4.13
2611,492611,241,530,61.65,3.91,8.60
2612,492612,379,135,145.38,2.61,0.93
2613,492613,380,72,116.28,3.27,0.62
2614,492614,360,453,87.43,4.12,5.18
2615,492615,194,1322,79.64,2.43,16.60
2616,492616,455,0,147.98,3.07,0.00
2617,492617,152,693,155.05,0.98,4.47
2618,492618,711,0,152.74,4.65,0.00
2619,492619,383,0,181.32,2.11,0.00
2620,492620,248,508,147.88,1.68,3.44
2621,492621,259,84,133.68,1.94,0.63
2622,492622,215,880,101.68,2.11,8.66
2623,492623,800,660,136.36,5.86,4.84
2624,492624,450,0,198.52,2.27,0.00
2625,492625,352,491,221.09,1.59,2.22
2626,492626,47,2822,356.98,0.13,7.90
2627,492627,479,0,297.56,1.61,0.00
2628,492628,576,1689,175.24,3.29,9.64
2629,492629,479,0,1302.45,0.37,0.00
2630,492630,334,10,646.35,0.52,0.02
2631,492631,565,0,426.60,1.32,0.00
2632,492632,1230,83,316.82,3.88,0.26
2633,492633,412,1378,132.70,3.11,10.39
2634,492634,2,450,276.70,0.01,1.63
2635,492635,455,1956,208.84,2.18,9.36
2636,492636,239,3367,174.21,1.37,19.33
2637,492637,0,2156,207.76,0.00,10.38
2638,492638,0,241,179.86,0.00,1.34
2639,492639,3,462,378.60,0.01,1.22
2640,492640,1,1367,166.91,0.01,8.19
2641,492641,3,765,208.81,0.01,3.66
2642,492642,27,110,221.51,0.12,0.49
2643,492643,1,1404,108.25,0.01,12.97
2644,492644,0,1194,145.12,0.00,8.23
2645,492645,422,0,346.82,1.22,0.00
2646,492646,448,0,275.40,1.63,0.00
2647,492647,275,9,183.42,1.50,0.05
2648,492648,63,13,376.05,0.17,0.03
2649,492649,419,0,296.17,1.42,0.00
2650,492650,319,0,176.35,1.81,0.00
2651,492651,240,1,271.20,0.88,0.00
2652,492652,361,0,242.97,1.48,0.00
2653,492653,366,0,232.92,1.57,0.00
2654,492654,482,0,322.81,1.49,0.00
2655,492655,351,0,222.52,1.58,0.00
2656,492656,552,0,370.01,1.49,0.00
2657,492657,391,0,238.46,1.64,0.00
2658,492658,270,2,169.20,1.60,0.01
2659,492659,185,9,168.28,1.10,0.05
2660,492660,148,0,137.23,1.08,0.00
2661,492661,1001,130,208.65,4.80,0.62
2662,492662,293,36,67.36,4.35,0.53
2663,492663,374,1,143.60,2.61,0.01
2664,492664,16,0,2288.32,0.01,0.00
2665,492665,16,0,1101.26,0.01,0.00
2666,492666,246,2,845.96,0.29,0.00
2667,492667,765,2,814.42,0.94,0.00
2668,492668,13,0,880.00,0.01,0.00
2669,492669,127,0,662.81,0.19,0.00
2670,492670,571,57,650.50,0.88,0.09
2671,492671,1439,121,935.75,1.54,0.13
2672,492672,9,0,1416.84,0.01,0.00
2673,492673,400,0,769.99,0.52,0.00
2674,492674,991,138,741.33,1.34,0.19
2675,492675,34,0,1009.27,0.03,0.00
2676,492676,29,0,497.91,0.06,0.00
2677,492677,459,0,554.54,0.83,0.00
2678,492678,752,4,578.20,1.30,0.01
2679,492679,1304,44,733.67,1.78,0.06
2680,492680,425,5,255.26,1.66,0.02
2681,492681,278,0,166.90,1.66,0.00
2682,492682,680,0,287.70,2.36,0.00
2683,492683,988,8,508.42,1.94,0.02
2684,492684,280,209,175.37,1.59,1.19
2685,492685,661,355,228.09,2.90,1.56
2686,492686,524,1140,131.88,3.97,8.64
2687,492687,165,0,150.27,1.10,0.00
2688,492688,3,1676,247.76,0.01,6.76
2689,492689,2,1063,117.16,0.02,9.07
2690,492690,58,1653,298.05,0.20,5.55
2691,492691,383,554,143.45,2.67,3.86
2692,492692,237,4,1115.90,0.21,0.00
2693,492693,222,0,637.07,0.35,0.00
2694,492694,379,0,405.13,0.94,0.00
2695,492695,439,0,294.48,1.49,0.00
2696,492696,639,0,574.81,1.11,0.00
2697,492697,686,1,451.38,1.52,0.00
2698,492698,548,0,626.94,0.87,0.00
2699,492699,315,0,327.97,0.96,0.00
2700,492700,257,10,247.50,1.04,0.04
2701,492701,11,1060,286.51,0.04,3.70
2702,492702,220,0,988.24,0.22,0.00
2703,492703,307,0,441.80,0.69,0.00
2704,492704,341,0,273.23,1.25,0.00
2705,492705,71,115,135.95,0.52,0.85
2706,492706,236,724,265.50,0.89,2.73
2707,492707,193,115,287.38,0.67,0.40
2708,492708,40,283,165.04,0.24,1.72
2709,492709,321,4,1620.19,0.20,0.00
2710,492710,256,0,285.34,0.90,0.00
2711,492711,166,97,185.18,0.89,0.53
2712,492712,435,242,180.82,2.41,1.34
2713,492713,0,1118,119.08,0.00,9.39
2714,492714,5,969,99.36,0.05,9.75
2715,492715,256,0,233.65,1.10,0.00
2716,492716,738,1062,142.89,5.16,7.43
2717,492717,568,6,402.84,1.41,0.02
2718,492718,625,36,217.39,2.87,0.17
2719,492719,377,262,183.70,2.05,1.43
2720,492720,481,122,832.29,0.58,0.15
2721,492721,38,364,261.38,0.14,1.39
2722,492722,182,563,222.70,0.82,2.53
2723,492723,258,2232,226.53,1.14,9.85
2724,492724,825,1292,204.88,4.03,6.31
2725,492725,627,144,90.68,6.91,1.59
2726,492726,278,33,113.08,2.46,0.29
2727,492727,959,686,473.68,2.03,1.45
2728,492728,150,26,332.40,0.45,0.08
2729,492729,367,228,322.41,1.14,0.71
2730,492730,606,548,196.39,3.08,2.79
2731,492731,583,1,228.28,2.55,0.01
2732,492732,348,761,178.50,1.95,4.26
2733,492733,402,0,506.25,0.79,0.00
2734,492734,456,0,136.57,3.34,0.00
2735,492735,302,426,145.10,2.08,2.93
2736,492736,612,824,294.44,2.08,2.80
2737,492737,310,454,121.97,2.54,3.72
2738,492738,250,443,119.76,2.09,3.70
2739,492739,733,331,282.96,2.59,1.17
2740,492740,493,0,232.91,2.12,0.00
2741,492741,518,0,235.55,2.20,0.00
2742,492742,764,0,368.70,2.07,0.00
2743,492743,197,177,103.36,1.91,1.71
2744,492744,520,0,191.60,2.71,0.00
2745,492745,662,0,181.71,3.65,0.00
2746,492746,462,0,295.73,1.56,0.00
2747,492747,443,0,253.48,1.75,0.00
2748,492748,367,78,237.64,1.54,0.33
2749,492749,395,25,153.36,2.57,0.16
2750,492750,175,318,94.66,1.85,3.36
2751,492751,275,0,122.14,2.25,0.00
2752,492752,743,592,319.05,2.33,1.85
2753,492753,382,563,203.38,1.88,2.77
2754,492754,405,18,172.52,2.35,0.11
2755,492755,254,67,167.53,1.52,0.40
2756,492756,463,268,290.25,1.59,0.92
2757,492757,1177,31,685.63,1.72,0.05
2758,492758,293,0,185.90,1.57,0.00
2759,492759,306,0,192.56,1.59,0.00
2760,492760,420,0,297.43,1.41,0.00
2761,492761,1261,212,674.65,1.87,0.31
2762,492762,119,0,158.91,0.75,0.00
2763,492763,152,0,134.18,1.13,0.00
2764,492764,241,0,176.78,1.36,0.00
2765,492765,205,0,172.51,1.19,0.00
2766,492766,102,68,463.58,0.22,0.15
2767,492767,297,81,177.28,1.67,0.46
2768,492768,414,36,835.23,0.50,0.04
2769,492769,306,0,857.77,0.36,0.00
2770,492770,397,0,751.49,0.53,0.00
2771,492771,373,797,231.99,1.61,3.44
2772,492772,412,989,175.55,2.35,5.63
2773,492773,139,0,120.02,1.16,0.00
2774,492774,1,1342,97.41,0.01,13.77
2775,492775,221,208,82.12,2.69,2.53
2776,492776,103,0,110.18,0.93,0.00
2777,492777,420,191,211.92,1.98,0.90
2778,492778,210,278,84.09,2.50,3.31
2779,492779,252,194,78.95,3.19,2.46
2780,492780,212,943,115.94,1.83,8.14
2781,492781,147,107,66.68,2.20,1.60
2782,492782,217,1712,131.04,1.65,13.07
2783,492783,382,76,154.70,2.47,0.49
2784,492784,430,0,198.24,2.17,0.00
2785,492785,677,0,305.93,2.21,0.00
2786,492786,373,0,185.51,2.01,0.00
2787,492787,224,40,228.75,0.98,0.17
2788,492788,443,285,212.12,2.09,1.34
2789,492789,390,139,178.81,2.18,0.78
2790,492790,360,10,147.97,2.43,0.06
2791,492791,589,36,226.61,2.60,0.16
2792,492792,483,0,252.54,1.91,0.00
2793,492793,388,44,224.50,1.73,0.20
2794,492794,512,373,182.46,2.81,2.05
2795,492795,334,328,114.61,2.91,2.86
2796,492796,0,1079,64.58,0.00,16.71
2797,492797,306,195,163.35,1.87,1.19
2798,492798,320,369,149.99,2.13,2.46
2799,492799,54,1137,98.53,0.55,11.53
2800,492800,432,295,124.94,3.45,2.36
2801,492801,56,0,124.78,0.45,0.00
2802,492802,115,0,72.44,1.59,0.00
2803,492803,404,0,98.51,4.10,0.00
2804,492804,118,0,88.69,1.32,0.00
2805,492805,66,323,118.77,0.56,2.72
2806,492806,214,0,164.22,1.30,0.00
2807,492807,167,0,147.14,1.14,0.00
2808,492808,171,477,126.60,1.35,3.77
2809,492809,313,18,211.90,1.48,0.08
2810,492810,104,0,200.65,0.52,0.00
2811,492811,583,87,598.59,0.97,0.15
2812,492812,261,1007,224.82,1.16,4.48
2813,492813,20,308,211.05,0.10,1.46
2814,492814,44,66,155.60,0.28,0.42
2815,492815,80,27,88.86,0.90,0.31
2816,492816,304,0,206.24,1.47,0.00
2817,492817,254,0,155.12,1.64,0.00
2818,492818,447,3,209.08,2.14,0.01
2819,492819,409,9,106.83,3.83,0.08
2820,492820,494,196,127.66,3.87,1.53
2821,492821,119,711,122.15,0.97,5.82
2822,492822,396,286,149.61,2.65,1.91
2823,492823,456,617,323.59,1.41,1.91
2824,492824,883,92,1008.49,0.88,0.09
2825,492825,523,155,583.92,0.90,0.27
2826,492826,339,372,177.25,1.91,2.10
2827,492827,1,68,86.06,0.01,0.79
2828,492828,136,252,157.95,0.86,1.60
2829,492829,60,0,117.59,0.51,0.00
2830,492830,539,0,248.29,2.17,0.00
2831,492831,321,15,189.15,1.70,0.08
2832,492832,208,71,100.76,2.07,0.70
2833,492833,10,1881,153.72,0.07,12.24
2834,492834,436,1605,159.42,2.74,10.07
2835,492835,169,801,241.06,0.70,3.32
2836,492836,458,3,303.47,1.51,0.01
2837,492837,602,0,171.71,3.51,0.00
2838,492838,896,0,280.61,3.19,0.00
2839,492839,50,0,633.44,0.08,0.00
2840,492840,968,43,242.22,4.00,0.18
2841,492841,8,0,274.18,0.03,0.00
2842,492842,118,266,256.58,0.46,1.04
2843,492843,8,519,340.26,0.02,1.53
2844,492844,79,0,224.43,0.35,0.00
2845,492845,77,95,140.33,0.55,0.68
2846,492846,285,0,188.56,1.51,0.00
2847,492847,85,22,95.82,0.89,0.22
2848,492848,164,1,128.54,1.27,0.00
2849,492849,699,0,258.84,2.70,0.00
2850,492850,391,210,189.24,2.07,1.11
2851,492851,349,295,98.08,3.56,3.00
2852,492852,4,0,1601.61,0.00,0.00
2853,492853,40,0,1465.06,0.03,0.00
2854,492854,162,53,1953.19,0.08,0.03
2855,492855,111,98,2134.88,0.05,0.05
2856,492856,60,0,352.06,0.17,0.00
2857,492857,81,93,414.48,0.20,0.22
2858,492858,250,17,698.04,0.36,0.02
2859,492859,24,2,16775.42,0.00,0.00
2860,492860,1,0,8290.73,0.00,0.00
2861,492861,0,0,3677.77,0.00,0.00
2862,492862,29,2,3227.75,0.01,0.00
2863,492863,33,3,2562.49,0.01,0.00
2864,492864,195,65,2386.32,0.08,0.03
2865,492865,30,38,10193.91,0.00,0.00
2866,492866,53,0,4012.08,0.01,0.00
2867,492867,255,22,432.37,0.59,0.05
2868,492868,174,0,484.52,0.36,0.00
2869,492869,24,0,2528.49,0.01,0.00
2870,492870,148,58,0.00,0.00,0.00
2871,492871,112,0,0.00,0.00,0.00
2872,492872,0,0,0.00,0.00,0.00
2873,492873,1,0,0.00,0.00,0.00
